group_name,survey_area,count_block,year,species,rrh
mcas,estero_bluffs,1,2013,bloy,0
mcas,estero_bluffs,1,2013,brac,4
mcas,estero_bluffs,1,2013,brpe,7
mcas,estero_bluffs,1,2013,casl,0
mcas,estero_bluffs,1,2013,dcco,0
mcas,estero_bluffs,1,2013,hase,11
mcas,estero_bluffs,1,2013,peco,0
mcas,estero_bluffs,1,2013,unco,5
mcas,estero_bluffs,1,2013,wegu,4
mcas,estero_bluffs,1,2014,bloy,1
mcas,estero_bluffs,1,2014,brac,43
mcas,estero_bluffs,1,2014,brpe,4
mcas,estero_bluffs,1,2014,casl,0
mcas,estero_bluffs,1,2014,dcco,1
mcas,estero_bluffs,1,2014,hase,12
mcas,estero_bluffs,1,2014,peco,1
mcas,estero_bluffs,1,2014,unco,22
mcas,estero_bluffs,1,2014,wegu,6
mcas,estero_bluffs,1,2015,bloy,1
mcas,estero_bluffs,1,2015,brac,9
mcas,estero_bluffs,1,2015,brpe,8
mcas,estero_bluffs,1,2015,casl,0
mcas,estero_bluffs,1,2015,dcco,2
mcas,estero_bluffs,1,2015,hase,3
mcas,estero_bluffs,1,2015,peco,1
mcas,estero_bluffs,1,2015,unco,17
mcas,estero_bluffs,1,2015,wegu,5
mcas,estero_bluffs,1,2016,bloy,1
mcas,estero_bluffs,1,2016,brac,3
mcas,estero_bluffs,1,2016,brpe,2
mcas,estero_bluffs,1,2016,casl,0
mcas,estero_bluffs,1,2016,dcco,1
mcas,estero_bluffs,1,2016,hase,11
mcas,estero_bluffs,1,2016,peco,2
mcas,estero_bluffs,1,2016,unco,7
mcas,estero_bluffs,1,2016,wegu,10
mcas,estero_bluffs,1,2017,bloy,1
mcas,estero_bluffs,1,2017,brac,1
mcas,estero_bluffs,1,2017,brpe,4
mcas,estero_bluffs,1,2017,casl,1
mcas,estero_bluffs,1,2017,dcco,1
mcas,estero_bluffs,1,2017,hase,4
mcas,estero_bluffs,1,2017,peco,2
mcas,estero_bluffs,1,2017,unco,6
mcas,estero_bluffs,1,2017,wegu,6
mcas,estero_bluffs,1,2018,bloy,1
mcas,estero_bluffs,1,2018,brac,1
mcas,estero_bluffs,1,2018,brpe,3
mcas,estero_bluffs,1,2018,casl,0
mcas,estero_bluffs,1,2018,dcco,2
mcas,estero_bluffs,1,2018,hase,1
mcas,estero_bluffs,1,2018,peco,1
mcas,estero_bluffs,1,2018,unco,1
mcas,estero_bluffs,1,2018,wegu,9
mcas,estero_bluffs,1,2019,bloy,1
mcas,estero_bluffs,1,2019,brac,4
mcas,estero_bluffs,1,2019,brpe,1
mcas,estero_bluffs,1,2019,casl,1
mcas,estero_bluffs,1,2019,dcco,5
mcas,estero_bluffs,1,2019,hase,2
mcas,estero_bluffs,1,2019,peco,5
mcas,estero_bluffs,1,2019,unco,5
mcas,estero_bluffs,1,2019,wegu,12
mcas,estero_bluffs,1,2021,bloy,2
mcas,estero_bluffs,1,2021,brac,3
mcas,estero_bluffs,1,2021,brpe,6
mcas,estero_bluffs,1,2021,casl,0
mcas,estero_bluffs,1,2021,dcco,2
mcas,estero_bluffs,1,2021,hase,7
mcas,estero_bluffs,1,2021,peco,1
mcas,estero_bluffs,1,2021,unco,3
mcas,estero_bluffs,1,2021,wegu,19
mcas,estero_bluffs,2,2013,bloy,1
mcas,estero_bluffs,2,2013,brac,0
mcas,estero_bluffs,2,2013,brpe,0
mcas,estero_bluffs,2,2013,casl,0
mcas,estero_bluffs,2,2013,dcco,1
mcas,estero_bluffs,2,2013,hase,1
mcas,estero_bluffs,2,2013,peco,0
mcas,estero_bluffs,2,2013,unco,1
mcas,estero_bluffs,2,2013,wegu,2
mcas,estero_bluffs,2,2014,bloy,1
mcas,estero_bluffs,2,2014,brac,3
mcas,estero_bluffs,2,2014,brpe,0
mcas,estero_bluffs,2,2014,casl,0
mcas,estero_bluffs,2,2014,dcco,1
mcas,estero_bluffs,2,2014,hase,3
mcas,estero_bluffs,2,2014,peco,1
mcas,estero_bluffs,2,2014,unco,1
mcas,estero_bluffs,2,2014,wegu,2
mcas,estero_bluffs,2,2015,bloy,0
mcas,estero_bluffs,2,2015,brac,6
mcas,estero_bluffs,2,2015,brpe,0
mcas,estero_bluffs,2,2015,casl,0
mcas,estero_bluffs,2,2015,dcco,1
mcas,estero_bluffs,2,2015,hase,1
mcas,estero_bluffs,2,2015,peco,1
mcas,estero_bluffs,2,2015,unco,2
mcas,estero_bluffs,2,2015,wegu,2
mcas,estero_bluffs,2,2016,bloy,1
mcas,estero_bluffs,2,2016,brac,3
mcas,estero_bluffs,2,2016,brpe,0
mcas,estero_bluffs,2,2016,casl,0
mcas,estero_bluffs,2,2016,dcco,1
mcas,estero_bluffs,2,2016,hase,12
mcas,estero_bluffs,2,2016,peco,1
mcas,estero_bluffs,2,2016,unco,9
mcas,estero_bluffs,2,2016,wegu,2
mcas,estero_bluffs,2,2017,bloy,0
mcas,estero_bluffs,2,2017,brac,1
mcas,estero_bluffs,2,2017,brpe,1
mcas,estero_bluffs,2,2017,casl,0
mcas,estero_bluffs,2,2017,dcco,1
mcas,estero_bluffs,2,2017,hase,4
mcas,estero_bluffs,2,2017,peco,1
mcas,estero_bluffs,2,2017,unco,1
mcas,estero_bluffs,2,2017,wegu,1
mcas,estero_bluffs,2,2018,bloy,1
mcas,estero_bluffs,2,2018,brac,1
mcas,estero_bluffs,2,2018,brpe,2
mcas,estero_bluffs,2,2018,casl,1
mcas,estero_bluffs,2,2018,dcco,4
mcas,estero_bluffs,2,2018,hase,10
mcas,estero_bluffs,2,2018,peco,5
mcas,estero_bluffs,2,2018,unco,2
mcas,estero_bluffs,2,2018,wegu,4
mcas,estero_bluffs,2,2019,bloy,1
mcas,estero_bluffs,2,2019,brac,6
mcas,estero_bluffs,2,2019,brpe,1
mcas,estero_bluffs,2,2019,casl,1
mcas,estero_bluffs,2,2019,dcco,13
mcas,estero_bluffs,2,2019,hase,5
mcas,estero_bluffs,2,2019,peco,3
mcas,estero_bluffs,2,2019,unco,15
mcas,estero_bluffs,2,2019,wegu,6
mcas,estero_bluffs,2,2021,bloy,1
mcas,estero_bluffs,2,2021,brac,11
mcas,estero_bluffs,2,2021,brpe,0
mcas,estero_bluffs,2,2021,casl,0
mcas,estero_bluffs,2,2021,dcco,5
mcas,estero_bluffs,2,2021,hase,2
mcas,estero_bluffs,2,2021,peco,1
mcas,estero_bluffs,2,2021,unco,1
mcas,estero_bluffs,2,2021,wegu,3
mcas,estero_bluffs,3,2013,bloy,1
mcas,estero_bluffs,3,2013,brac,2
mcas,estero_bluffs,3,2013,brpe,0
mcas,estero_bluffs,3,2013,casl,0
mcas,estero_bluffs,3,2013,dcco,1
mcas,estero_bluffs,3,2013,hase,4
mcas,estero_bluffs,3,2013,peco,0
mcas,estero_bluffs,3,2013,unco,1
mcas,estero_bluffs,3,2013,wegu,1
mcas,estero_bluffs,3,2014,bloy,2
mcas,estero_bluffs,3,2014,brac,8
mcas,estero_bluffs,3,2014,brpe,1
mcas,estero_bluffs,3,2014,casl,0
mcas,estero_bluffs,3,2014,dcco,17
mcas,estero_bluffs,3,2014,hase,4
mcas,estero_bluffs,3,2014,peco,1
mcas,estero_bluffs,3,2014,unco,1
mcas,estero_bluffs,3,2014,wegu,3
mcas,estero_bluffs,3,2015,bloy,1
mcas,estero_bluffs,3,2015,brac,8
mcas,estero_bluffs,3,2015,brpe,0
mcas,estero_bluffs,3,2015,casl,0
mcas,estero_bluffs,3,2015,dcco,1
mcas,estero_bluffs,3,2015,hase,3
mcas,estero_bluffs,3,2015,peco,1
mcas,estero_bluffs,3,2015,unco,2
mcas,estero_bluffs,3,2015,wegu,2
mcas,estero_bluffs,3,2016,bloy,3
mcas,estero_bluffs,3,2016,brac,10
mcas,estero_bluffs,3,2016,brpe,1
mcas,estero_bluffs,3,2016,casl,0
mcas,estero_bluffs,3,2016,dcco,1
mcas,estero_bluffs,3,2016,hase,9
mcas,estero_bluffs,3,2016,peco,3
mcas,estero_bluffs,3,2016,unco,4
mcas,estero_bluffs,3,2016,wegu,3
mcas,estero_bluffs,3,2017,bloy,1
mcas,estero_bluffs,3,2017,brac,3
mcas,estero_bluffs,3,2017,brpe,0
mcas,estero_bluffs,3,2017,casl,0
mcas,estero_bluffs,3,2017,dcco,0
mcas,estero_bluffs,3,2017,hase,9
mcas,estero_bluffs,3,2017,peco,1
mcas,estero_bluffs,3,2017,unco,0
mcas,estero_bluffs,3,2017,wegu,2
mcas,estero_bluffs,3,2018,bloy,2
mcas,estero_bluffs,3,2018,brac,5
mcas,estero_bluffs,3,2018,brpe,1
mcas,estero_bluffs,3,2018,casl,0
mcas,estero_bluffs,3,2018,dcco,8
mcas,estero_bluffs,3,2018,hase,13
mcas,estero_bluffs,3,2018,peco,10
mcas,estero_bluffs,3,2018,unco,2
mcas,estero_bluffs,3,2018,wegu,7
mcas,estero_bluffs,3,2019,bloy,2
mcas,estero_bluffs,3,2019,brac,19
mcas,estero_bluffs,3,2019,brpe,2
mcas,estero_bluffs,3,2019,casl,0
mcas,estero_bluffs,3,2019,dcco,18
mcas,estero_bluffs,3,2019,hase,4
mcas,estero_bluffs,3,2019,peco,4
mcas,estero_bluffs,3,2019,unco,5
mcas,estero_bluffs,3,2019,wegu,3
mcas,estero_bluffs,3,2021,bloy,2
mcas,estero_bluffs,3,2021,brac,8
mcas,estero_bluffs,3,2021,brpe,1
mcas,estero_bluffs,3,2021,casl,0
mcas,estero_bluffs,3,2021,dcco,2
mcas,estero_bluffs,3,2021,hase,5
mcas,estero_bluffs,3,2021,peco,1
mcas,estero_bluffs,3,2021,unco,0
mcas,estero_bluffs,3,2021,wegu,2
mcas,estero_bluffs,4,2013,bloy,4
mcas,estero_bluffs,4,2013,brac,5
mcas,estero_bluffs,4,2013,brpe,1
mcas,estero_bluffs,4,2013,casl,0
mcas,estero_bluffs,4,2013,dcco,2
mcas,estero_bluffs,4,2013,hase,48
mcas,estero_bluffs,4,2013,peco,0
mcas,estero_bluffs,4,2013,unco,11
mcas,estero_bluffs,4,2013,wegu,8
mcas,estero_bluffs,4,2014,bloy,2
mcas,estero_bluffs,4,2014,brac,26
mcas,estero_bluffs,4,2014,brpe,10
mcas,estero_bluffs,4,2014,casl,1
mcas,estero_bluffs,4,2014,dcco,52
mcas,estero_bluffs,4,2014,hase,28
mcas,estero_bluffs,4,2014,peco,4
mcas,estero_bluffs,4,2014,unco,2
mcas,estero_bluffs,4,2014,wegu,7
mcas,estero_bluffs,4,2015,bloy,2
mcas,estero_bluffs,4,2015,brac,20
mcas,estero_bluffs,4,2015,brpe,19
mcas,estero_bluffs,4,2015,casl,0
mcas,estero_bluffs,4,2015,dcco,3
mcas,estero_bluffs,4,2015,hase,26
mcas,estero_bluffs,4,2015,peco,6
mcas,estero_bluffs,4,2015,unco,0
mcas,estero_bluffs,4,2015,wegu,4
mcas,estero_bluffs,4,2016,bloy,3
mcas,estero_bluffs,4,2016,brac,10
mcas,estero_bluffs,4,2016,brpe,3
mcas,estero_bluffs,4,2016,casl,0
mcas,estero_bluffs,4,2016,dcco,1
mcas,estero_bluffs,4,2016,hase,40
mcas,estero_bluffs,4,2016,peco,4
mcas,estero_bluffs,4,2016,unco,10
mcas,estero_bluffs,4,2016,wegu,5
mcas,estero_bluffs,4,2017,bloy,2
mcas,estero_bluffs,4,2017,brac,8
mcas,estero_bluffs,4,2017,brpe,2
mcas,estero_bluffs,4,2017,casl,1
mcas,estero_bluffs,4,2017,dcco,1
mcas,estero_bluffs,4,2017,hase,26
mcas,estero_bluffs,4,2017,peco,3
mcas,estero_bluffs,4,2017,unco,1
mcas,estero_bluffs,4,2017,wegu,5
mcas,estero_bluffs,4,2018,bloy,2
mcas,estero_bluffs,4,2018,brac,7
mcas,estero_bluffs,4,2018,brpe,4
mcas,estero_bluffs,4,2018,casl,1
mcas,estero_bluffs,4,2018,dcco,12
mcas,estero_bluffs,4,2018,hase,15
mcas,estero_bluffs,4,2018,peco,7
mcas,estero_bluffs,4,2018,unco,5
mcas,estero_bluffs,4,2018,wegu,12
mcas,estero_bluffs,4,2019,bloy,1
mcas,estero_bluffs,4,2019,brac,8
mcas,estero_bluffs,4,2019,brpe,11
mcas,estero_bluffs,4,2019,casl,0
mcas,estero_bluffs,4,2019,dcco,3
mcas,estero_bluffs,4,2019,hase,9
mcas,estero_bluffs,4,2019,peco,2
mcas,estero_bluffs,4,2019,unco,4
mcas,estero_bluffs,4,2019,wegu,15
mcas,estero_bluffs,4,2021,bloy,2
mcas,estero_bluffs,4,2021,brac,4
mcas,estero_bluffs,4,2021,brpe,11
mcas,estero_bluffs,4,2021,casl,0
mcas,estero_bluffs,4,2021,dcco,3
mcas,estero_bluffs,4,2021,hase,8
mcas,estero_bluffs,4,2021,peco,2
mcas,estero_bluffs,4,2021,unco,0
mcas,estero_bluffs,4,2021,wegu,20
mcas,estero_bluffs,5,2013,bloy,1
mcas,estero_bluffs,5,2013,brac,8
mcas,estero_bluffs,5,2013,brpe,9
mcas,estero_bluffs,5,2013,casl,0
mcas,estero_bluffs,5,2013,dcco,14
mcas,estero_bluffs,5,2013,hase,66
mcas,estero_bluffs,5,2013,peco,1
mcas,estero_bluffs,5,2013,unco,4
mcas,estero_bluffs,5,2013,wegu,78
mcas,estero_bluffs,5,2014,bloy,2
mcas,estero_bluffs,5,2014,brac,36
mcas,estero_bluffs,5,2014,brpe,20
mcas,estero_bluffs,5,2014,casl,1
mcas,estero_bluffs,5,2014,dcco,22
mcas,estero_bluffs,5,2014,hase,49
mcas,estero_bluffs,5,2014,peco,4
mcas,estero_bluffs,5,2014,unco,7
mcas,estero_bluffs,5,2014,wegu,23
mcas,estero_bluffs,5,2015,bloy,2
mcas,estero_bluffs,5,2015,brac,97
mcas,estero_bluffs,5,2015,brpe,31
mcas,estero_bluffs,5,2015,casl,1
mcas,estero_bluffs,5,2015,dcco,40
mcas,estero_bluffs,5,2015,hase,49
mcas,estero_bluffs,5,2015,peco,8
mcas,estero_bluffs,5,2015,unco,4
mcas,estero_bluffs,5,2015,wegu,30
mcas,estero_bluffs,5,2016,bloy,2
mcas,estero_bluffs,5,2016,brac,13
mcas,estero_bluffs,5,2016,brpe,7
mcas,estero_bluffs,5,2016,casl,0
mcas,estero_bluffs,5,2016,dcco,4
mcas,estero_bluffs,5,2016,hase,34
mcas,estero_bluffs,5,2016,peco,6
mcas,estero_bluffs,5,2016,unco,7
mcas,estero_bluffs,5,2016,wegu,22
mcas,estero_bluffs,5,2017,bloy,2
mcas,estero_bluffs,5,2017,brac,18
mcas,estero_bluffs,5,2017,brpe,6
mcas,estero_bluffs,5,2017,casl,0
mcas,estero_bluffs,5,2017,dcco,9
mcas,estero_bluffs,5,2017,hase,40
mcas,estero_bluffs,5,2017,peco,4
mcas,estero_bluffs,5,2017,unco,2
mcas,estero_bluffs,5,2017,wegu,10
mcas,estero_bluffs,5,2018,bloy,2
mcas,estero_bluffs,5,2018,brac,3
mcas,estero_bluffs,5,2018,brpe,2
mcas,estero_bluffs,5,2018,casl,1
mcas,estero_bluffs,5,2018,dcco,4
mcas,estero_bluffs,5,2018,hase,30
mcas,estero_bluffs,5,2018,peco,3
mcas,estero_bluffs,5,2018,unco,1
mcas,estero_bluffs,5,2018,wegu,9
mcas,estero_bluffs,5,2019,bloy,3
mcas,estero_bluffs,5,2019,brac,7
mcas,estero_bluffs,5,2019,brpe,4
mcas,estero_bluffs,5,2019,casl,1
mcas,estero_bluffs,5,2019,dcco,5
mcas,estero_bluffs,5,2019,hase,30
mcas,estero_bluffs,5,2019,peco,5
mcas,estero_bluffs,5,2019,unco,1
mcas,estero_bluffs,5,2019,wegu,11
mcas,estero_bluffs,5,2021,bloy,3
mcas,estero_bluffs,5,2021,brac,5
mcas,estero_bluffs,5,2021,brpe,20
mcas,estero_bluffs,5,2021,casl,0
mcas,estero_bluffs,5,2021,dcco,6
mcas,estero_bluffs,5,2021,hase,27
mcas,estero_bluffs,5,2021,peco,3
mcas,estero_bluffs,5,2021,unco,1
mcas,estero_bluffs,5,2021,wegu,27
mcas,estero_bluffs,6,2013,bloy,1
mcas,estero_bluffs,6,2013,brac,12
mcas,estero_bluffs,6,2013,brpe,4
mcas,estero_bluffs,6,2013,casl,0
mcas,estero_bluffs,6,2013,dcco,7
mcas,estero_bluffs,6,2013,hase,26
mcas,estero_bluffs,6,2013,peco,1
mcas,estero_bluffs,6,2013,unco,3
mcas,estero_bluffs,6,2013,wegu,21
mcas,estero_bluffs,6,2014,bloy,1
mcas,estero_bluffs,6,2014,brac,20
mcas,estero_bluffs,6,2014,brpe,1
mcas,estero_bluffs,6,2014,casl,0
mcas,estero_bluffs,6,2014,dcco,15
mcas,estero_bluffs,6,2014,hase,13
mcas,estero_bluffs,6,2014,peco,5
mcas,estero_bluffs,6,2014,unco,5
mcas,estero_bluffs,6,2014,wegu,5
mcas,estero_bluffs,6,2015,bloy,1
mcas,estero_bluffs,6,2015,brac,29
mcas,estero_bluffs,6,2015,brpe,1
mcas,estero_bluffs,6,2015,casl,0
mcas,estero_bluffs,6,2015,dcco,2
mcas,estero_bluffs,6,2015,hase,6
mcas,estero_bluffs,6,2015,peco,8
mcas,estero_bluffs,6,2015,unco,0
mcas,estero_bluffs,6,2015,wegu,12
mcas,estero_bluffs,6,2016,bloy,2
mcas,estero_bluffs,6,2016,brac,15
mcas,estero_bluffs,6,2016,brpe,2
mcas,estero_bluffs,6,2016,casl,1
mcas,estero_bluffs,6,2016,dcco,3
mcas,estero_bluffs,6,2016,hase,16
mcas,estero_bluffs,6,2016,peco,8
mcas,estero_bluffs,6,2016,unco,4
mcas,estero_bluffs,6,2016,wegu,4
mcas,estero_bluffs,6,2017,bloy,1
mcas,estero_bluffs,6,2017,brac,10
mcas,estero_bluffs,6,2017,brpe,3
mcas,estero_bluffs,6,2017,casl,0
mcas,estero_bluffs,6,2017,dcco,1
mcas,estero_bluffs,6,2017,hase,17
mcas,estero_bluffs,6,2017,peco,4
mcas,estero_bluffs,6,2017,unco,1
mcas,estero_bluffs,6,2017,wegu,6
mcas,estero_bluffs,6,2018,bloy,1
mcas,estero_bluffs,6,2018,brac,3
mcas,estero_bluffs,6,2018,brpe,3
mcas,estero_bluffs,6,2018,casl,0
mcas,estero_bluffs,6,2018,dcco,7
mcas,estero_bluffs,6,2018,hase,11
mcas,estero_bluffs,6,2018,peco,10
mcas,estero_bluffs,6,2018,unco,0
mcas,estero_bluffs,6,2018,wegu,9
mcas,estero_bluffs,6,2019,bloy,1
mcas,estero_bluffs,6,2019,brac,8
mcas,estero_bluffs,6,2019,brpe,1
mcas,estero_bluffs,6,2019,casl,0
mcas,estero_bluffs,6,2019,dcco,7
mcas,estero_bluffs,6,2019,hase,16
mcas,estero_bluffs,6,2019,peco,5
mcas,estero_bluffs,6,2019,unco,9
mcas,estero_bluffs,6,2019,wegu,21
mcas,estero_bluffs,6,2021,bloy,1
mcas,estero_bluffs,6,2021,brac,4
mcas,estero_bluffs,6,2021,brpe,0
mcas,estero_bluffs,6,2021,casl,0
mcas,estero_bluffs,6,2021,dcco,4
mcas,estero_bluffs,6,2021,hase,5
mcas,estero_bluffs,6,2021,peco,3
mcas,estero_bluffs,6,2021,unco,1
mcas,estero_bluffs,6,2021,wegu,4
mcas,estero_bluffs,7,2013,bloy,1
mcas,estero_bluffs,7,2013,brac,12
mcas,estero_bluffs,7,2013,brpe,4
mcas,estero_bluffs,7,2013,casl,0
mcas,estero_bluffs,7,2013,dcco,16
mcas,estero_bluffs,7,2013,hase,1
mcas,estero_bluffs,7,2013,peco,1
mcas,estero_bluffs,7,2013,unco,12
mcas,estero_bluffs,7,2013,wegu,38
mcas,estero_bluffs,7,2014,bloy,1
mcas,estero_bluffs,7,2014,brac,38
mcas,estero_bluffs,7,2014,brpe,7
mcas,estero_bluffs,7,2014,casl,0
mcas,estero_bluffs,7,2014,dcco,25
mcas,estero_bluffs,7,2014,hase,3
mcas,estero_bluffs,7,2014,peco,3
mcas,estero_bluffs,7,2014,unco,9
mcas,estero_bluffs,7,2014,wegu,7
mcas,estero_bluffs,7,2015,bloy,1
mcas,estero_bluffs,7,2015,brac,57
mcas,estero_bluffs,7,2015,brpe,2
mcas,estero_bluffs,7,2015,casl,0
mcas,estero_bluffs,7,2015,dcco,3
mcas,estero_bluffs,7,2015,hase,1
mcas,estero_bluffs,7,2015,peco,3
mcas,estero_bluffs,7,2015,unco,1
mcas,estero_bluffs,7,2015,wegu,5
mcas,estero_bluffs,7,2016,bloy,1
mcas,estero_bluffs,7,2016,brac,37
mcas,estero_bluffs,7,2016,brpe,1
mcas,estero_bluffs,7,2016,casl,0
mcas,estero_bluffs,7,2016,dcco,3
mcas,estero_bluffs,7,2016,hase,0
mcas,estero_bluffs,7,2016,peco,4
mcas,estero_bluffs,7,2016,unco,2
mcas,estero_bluffs,7,2016,wegu,4
mcas,estero_bluffs,7,2017,bloy,1
mcas,estero_bluffs,7,2017,brac,67
mcas,estero_bluffs,7,2017,brpe,3
mcas,estero_bluffs,7,2017,casl,0
mcas,estero_bluffs,7,2017,dcco,3
mcas,estero_bluffs,7,2017,hase,0
mcas,estero_bluffs,7,2017,peco,2
mcas,estero_bluffs,7,2017,unco,3
mcas,estero_bluffs,7,2017,wegu,4
mcas,estero_bluffs,7,2018,bloy,1
mcas,estero_bluffs,7,2018,brac,8
mcas,estero_bluffs,7,2018,brpe,3
mcas,estero_bluffs,7,2018,casl,0
mcas,estero_bluffs,7,2018,dcco,9
mcas,estero_bluffs,7,2018,hase,1
mcas,estero_bluffs,7,2018,peco,7
mcas,estero_bluffs,7,2018,unco,1
mcas,estero_bluffs,7,2018,wegu,7
mcas,estero_bluffs,7,2019,bloy,1
mcas,estero_bluffs,7,2019,brac,13
mcas,estero_bluffs,7,2019,brpe,1
mcas,estero_bluffs,7,2019,casl,0
mcas,estero_bluffs,7,2019,dcco,11
mcas,estero_bluffs,7,2019,hase,1
mcas,estero_bluffs,7,2019,peco,7
mcas,estero_bluffs,7,2019,unco,7
mcas,estero_bluffs,7,2019,wegu,3
mcas,estero_bluffs,7,2021,bloy,1
mcas,estero_bluffs,7,2021,brac,18
mcas,estero_bluffs,7,2021,brpe,2
mcas,estero_bluffs,7,2021,casl,0
mcas,estero_bluffs,7,2021,dcco,6
mcas,estero_bluffs,7,2021,hase,1
mcas,estero_bluffs,7,2021,peco,5
mcas,estero_bluffs,7,2021,unco,1
mcas,estero_bluffs,7,2021,wegu,6
mcas,estero_bluffs,8,2013,bloy,2
mcas,estero_bluffs,8,2013,brac,9
mcas,estero_bluffs,8,2013,brpe,7
mcas,estero_bluffs,8,2013,casl,0
mcas,estero_bluffs,8,2013,dcco,13
mcas,estero_bluffs,8,2013,hase,11
mcas,estero_bluffs,8,2013,peco,1
mcas,estero_bluffs,8,2013,unco,3
mcas,estero_bluffs,8,2013,wegu,27
mcas,estero_bluffs,8,2014,bloy,2
mcas,estero_bluffs,8,2014,brac,31
mcas,estero_bluffs,8,2014,brpe,4
mcas,estero_bluffs,8,2014,casl,0
mcas,estero_bluffs,8,2014,dcco,26
mcas,estero_bluffs,8,2014,hase,13
mcas,estero_bluffs,8,2014,peco,4
mcas,estero_bluffs,8,2014,unco,7
mcas,estero_bluffs,8,2014,wegu,4
mcas,estero_bluffs,8,2015,bloy,2
mcas,estero_bluffs,8,2015,brac,20
mcas,estero_bluffs,8,2015,brpe,21
mcas,estero_bluffs,8,2015,casl,0
mcas,estero_bluffs,8,2015,dcco,5
mcas,estero_bluffs,8,2015,hase,5
mcas,estero_bluffs,8,2015,peco,8
mcas,estero_bluffs,8,2015,unco,1
mcas,estero_bluffs,8,2015,wegu,12
mcas,estero_bluffs,8,2016,bloy,3
mcas,estero_bluffs,8,2016,brac,11
mcas,estero_bluffs,8,2016,brpe,2
mcas,estero_bluffs,8,2016,casl,0
mcas,estero_bluffs,8,2016,dcco,5
mcas,estero_bluffs,8,2016,hase,5
mcas,estero_bluffs,8,2016,peco,6
mcas,estero_bluffs,8,2016,unco,1
mcas,estero_bluffs,8,2016,wegu,4
mcas,estero_bluffs,8,2017,bloy,1
mcas,estero_bluffs,8,2017,brac,26
mcas,estero_bluffs,8,2017,brpe,3
mcas,estero_bluffs,8,2017,casl,0
mcas,estero_bluffs,8,2017,dcco,8
mcas,estero_bluffs,8,2017,hase,4
mcas,estero_bluffs,8,2017,peco,5
mcas,estero_bluffs,8,2017,unco,1
mcas,estero_bluffs,8,2017,wegu,6
mcas,estero_bluffs,8,2018,bloy,2
mcas,estero_bluffs,8,2018,brac,3
mcas,estero_bluffs,8,2018,brpe,1
mcas,estero_bluffs,8,2018,casl,0
mcas,estero_bluffs,8,2018,dcco,4
mcas,estero_bluffs,8,2018,hase,6
mcas,estero_bluffs,8,2018,peco,6
mcas,estero_bluffs,8,2018,unco,2
mcas,estero_bluffs,8,2018,wegu,6
mcas,estero_bluffs,8,2019,bloy,2
mcas,estero_bluffs,8,2019,brac,5
mcas,estero_bluffs,8,2019,brpe,1
mcas,estero_bluffs,8,2019,casl,0
mcas,estero_bluffs,8,2019,dcco,3
mcas,estero_bluffs,8,2019,hase,4
mcas,estero_bluffs,8,2019,peco,6
mcas,estero_bluffs,8,2019,unco,4
mcas,estero_bluffs,8,2019,wegu,2
mcas,estero_bluffs,8,2021,bloy,2
mcas,estero_bluffs,8,2021,brac,2
mcas,estero_bluffs,8,2021,brpe,1
mcas,estero_bluffs,8,2021,casl,0
mcas,estero_bluffs,8,2021,dcco,3
mcas,estero_bluffs,8,2021,hase,3
mcas,estero_bluffs,8,2021,peco,1
mcas,estero_bluffs,8,2021,unco,0
mcas,estero_bluffs,8,2021,wegu,2
mcas,estero_bluffs,9,2013,bloy,1
mcas,estero_bluffs,9,2013,brac,17
mcas,estero_bluffs,9,2013,brpe,9
mcas,estero_bluffs,9,2013,casl,0
mcas,estero_bluffs,9,2013,dcco,27
mcas,estero_bluffs,9,2013,hase,15
mcas,estero_bluffs,9,2013,peco,1
mcas,estero_bluffs,9,2013,unco,6
mcas,estero_bluffs,9,2013,wegu,10
mcas,estero_bluffs,9,2014,bloy,1
mcas,estero_bluffs,9,2014,brac,28
mcas,estero_bluffs,9,2014,brpe,3
mcas,estero_bluffs,9,2014,casl,0
mcas,estero_bluffs,9,2014,dcco,39
mcas,estero_bluffs,9,2014,hase,19
mcas,estero_bluffs,9,2014,peco,2
mcas,estero_bluffs,9,2014,unco,14
mcas,estero_bluffs,9,2014,wegu,6
mcas,estero_bluffs,9,2015,bloy,1
mcas,estero_bluffs,9,2015,brac,43
mcas,estero_bluffs,9,2015,brpe,5
mcas,estero_bluffs,9,2015,casl,0
mcas,estero_bluffs,9,2015,dcco,13
mcas,estero_bluffs,9,2015,hase,9
mcas,estero_bluffs,9,2015,peco,7
mcas,estero_bluffs,9,2015,unco,7
mcas,estero_bluffs,9,2015,wegu,9
mcas,estero_bluffs,9,2016,bloy,1
mcas,estero_bluffs,9,2016,brac,15
mcas,estero_bluffs,9,2016,brpe,1
mcas,estero_bluffs,9,2016,casl,0
mcas,estero_bluffs,9,2016,dcco,10
mcas,estero_bluffs,9,2016,hase,7
mcas,estero_bluffs,9,2016,peco,6
mcas,estero_bluffs,9,2016,unco,15
mcas,estero_bluffs,9,2016,wegu,4
mcas,estero_bluffs,9,2017,bloy,1
mcas,estero_bluffs,9,2017,brac,34
mcas,estero_bluffs,9,2017,brpe,10
mcas,estero_bluffs,9,2017,casl,0
mcas,estero_bluffs,9,2017,dcco,7
mcas,estero_bluffs,9,2017,hase,3
mcas,estero_bluffs,9,2017,peco,2
mcas,estero_bluffs,9,2017,unco,1
mcas,estero_bluffs,9,2017,wegu,4
mcas,estero_bluffs,9,2018,bloy,1
mcas,estero_bluffs,9,2018,brac,26
mcas,estero_bluffs,9,2018,brpe,24
mcas,estero_bluffs,9,2018,casl,0
mcas,estero_bluffs,9,2018,dcco,34
mcas,estero_bluffs,9,2018,hase,1
mcas,estero_bluffs,9,2018,peco,3
mcas,estero_bluffs,9,2018,unco,1
mcas,estero_bluffs,9,2018,wegu,6
mcas,estero_bluffs,9,2019,bloy,1
mcas,estero_bluffs,9,2019,brac,6
mcas,estero_bluffs,9,2019,brpe,1
mcas,estero_bluffs,9,2019,casl,0
mcas,estero_bluffs,9,2019,dcco,11
mcas,estero_bluffs,9,2019,hase,3
mcas,estero_bluffs,9,2019,peco,2
mcas,estero_bluffs,9,2019,unco,12
mcas,estero_bluffs,9,2019,wegu,4
mcas,estero_bluffs,9,2021,bloy,1
mcas,estero_bluffs,9,2021,brac,9
mcas,estero_bluffs,9,2021,brpe,1
mcas,estero_bluffs,9,2021,casl,1
mcas,estero_bluffs,9,2021,dcco,16
mcas,estero_bluffs,9,2021,hase,3
mcas,estero_bluffs,9,2021,peco,2
mcas,estero_bluffs,9,2021,unco,1
mcas,estero_bluffs,9,2021,wegu,7
mcas,estero_bluffs,10,2013,bloy,0
mcas,estero_bluffs,10,2013,brac,1
mcas,estero_bluffs,10,2013,brpe,0
mcas,estero_bluffs,10,2013,casl,0
mcas,estero_bluffs,10,2013,dcco,2
mcas,estero_bluffs,10,2013,hase,0
mcas,estero_bluffs,10,2013,peco,0
mcas,estero_bluffs,10,2013,unco,0
mcas,estero_bluffs,10,2013,wegu,22
mcas,estero_bluffs,10,2014,bloy,1
mcas,estero_bluffs,10,2014,brac,1
mcas,estero_bluffs,10,2014,brpe,0
mcas,estero_bluffs,10,2014,casl,0
mcas,estero_bluffs,10,2014,dcco,6
mcas,estero_bluffs,10,2014,hase,0
mcas,estero_bluffs,10,2014,peco,0
mcas,estero_bluffs,10,2014,unco,0
mcas,estero_bluffs,10,2014,wegu,6
mcas,estero_bluffs,10,2015,bloy,0
mcas,estero_bluffs,10,2015,brac,1
mcas,estero_bluffs,10,2015,brpe,1
mcas,estero_bluffs,10,2015,casl,0
mcas,estero_bluffs,10,2015,dcco,2
mcas,estero_bluffs,10,2015,hase,1
mcas,estero_bluffs,10,2015,peco,0
mcas,estero_bluffs,10,2015,unco,2
mcas,estero_bluffs,10,2015,wegu,2
mcas,estero_bluffs,10,2016,bloy,0
mcas,estero_bluffs,10,2016,brac,4
mcas,estero_bluffs,10,2016,brpe,0
mcas,estero_bluffs,10,2016,casl,0
mcas,estero_bluffs,10,2016,dcco,1
mcas,estero_bluffs,10,2016,hase,2
mcas,estero_bluffs,10,2016,peco,0
mcas,estero_bluffs,10,2016,unco,6
mcas,estero_bluffs,10,2016,wegu,3
mcas,estero_bluffs,10,2017,bloy,0
mcas,estero_bluffs,10,2017,brac,2
mcas,estero_bluffs,10,2017,brpe,0
mcas,estero_bluffs,10,2017,casl,0
mcas,estero_bluffs,10,2017,dcco,1
mcas,estero_bluffs,10,2017,hase,1
mcas,estero_bluffs,10,2017,peco,0
mcas,estero_bluffs,10,2017,unco,0
mcas,estero_bluffs,10,2017,wegu,5
mcas,estero_bluffs,10,2018,bloy,1
mcas,estero_bluffs,10,2018,brac,1
mcas,estero_bluffs,10,2018,brpe,0
mcas,estero_bluffs,10,2018,casl,1
mcas,estero_bluffs,10,2018,dcco,2
mcas,estero_bluffs,10,2018,hase,0
mcas,estero_bluffs,10,2018,peco,4
mcas,estero_bluffs,10,2018,unco,1
mcas,estero_bluffs,10,2018,wegu,3
mcas,estero_bluffs,10,2019,bloy,1
mcas,estero_bluffs,10,2019,brac,0
mcas,estero_bluffs,10,2019,brpe,0
mcas,estero_bluffs,10,2019,casl,0
mcas,estero_bluffs,10,2019,dcco,1
mcas,estero_bluffs,10,2019,hase,0
mcas,estero_bluffs,10,2019,peco,0
mcas,estero_bluffs,10,2019,unco,0
mcas,estero_bluffs,10,2019,wegu,3
mcas,estero_bluffs,10,2021,bloy,1
mcas,estero_bluffs,10,2021,brac,1
mcas,estero_bluffs,10,2021,brpe,0
mcas,estero_bluffs,10,2021,casl,0
mcas,estero_bluffs,10,2021,dcco,1
mcas,estero_bluffs,10,2021,hase,0
mcas,estero_bluffs,10,2021,peco,1
mcas,estero_bluffs,10,2021,unco,0
mcas,estero_bluffs,10,2021,wegu,8
mcas,montana_de_oro,1,2013,bloy,1
mcas,montana_de_oro,1,2013,brac,0
mcas,montana_de_oro,1,2013,brpe,0
mcas,montana_de_oro,1,2013,casl,0
mcas,montana_de_oro,1,2013,dcco,0
mcas,montana_de_oro,1,2013,hase,0
mcas,montana_de_oro,1,2013,peco,0
mcas,montana_de_oro,1,2013,unco,0
mcas,montana_de_oro,1,2013,wegu,5
mcas,montana_de_oro,1,2014,bloy,1
mcas,montana_de_oro,1,2014,brac,2
mcas,montana_de_oro,1,2014,brpe,0
mcas,montana_de_oro,1,2014,casl,0
mcas,montana_de_oro,1,2014,dcco,1
mcas,montana_de_oro,1,2014,hase,0
mcas,montana_de_oro,1,2014,peco,1
mcas,montana_de_oro,1,2014,unco,1
mcas,montana_de_oro,1,2014,wegu,1
mcas,montana_de_oro,1,2015,bloy,2
mcas,montana_de_oro,1,2015,brac,1
mcas,montana_de_oro,1,2015,brpe,1
mcas,montana_de_oro,1,2015,casl,0
mcas,montana_de_oro,1,2015,dcco,0
mcas,montana_de_oro,1,2015,hase,0
mcas,montana_de_oro,1,2015,peco,1
mcas,montana_de_oro,1,2015,unco,2
mcas,montana_de_oro,1,2015,wegu,5
mcas,montana_de_oro,1,2016,bloy,1
mcas,montana_de_oro,1,2016,brac,1
mcas,montana_de_oro,1,2016,brpe,0
mcas,montana_de_oro,1,2016,casl,0
mcas,montana_de_oro,1,2016,dcco,0
mcas,montana_de_oro,1,2016,hase,0
mcas,montana_de_oro,1,2016,peco,0
mcas,montana_de_oro,1,2016,unco,1
mcas,montana_de_oro,1,2016,wegu,1
mcas,montana_de_oro,1,2017,bloy,1
mcas,montana_de_oro,1,2017,brac,0
mcas,montana_de_oro,1,2017,brpe,0
mcas,montana_de_oro,1,2017,casl,0
mcas,montana_de_oro,1,2017,dcco,0
mcas,montana_de_oro,1,2017,hase,0
mcas,montana_de_oro,1,2017,peco,0
mcas,montana_de_oro,1,2017,unco,0
mcas,montana_de_oro,1,2017,wegu,1
mcas,montana_de_oro,1,2018,bloy,0
mcas,montana_de_oro,1,2018,brac,1
mcas,montana_de_oro,1,2018,brpe,0
mcas,montana_de_oro,1,2018,casl,0
mcas,montana_de_oro,1,2018,dcco,0
mcas,montana_de_oro,1,2018,hase,0
mcas,montana_de_oro,1,2018,peco,0
mcas,montana_de_oro,1,2018,unco,0
mcas,montana_de_oro,1,2018,wegu,1
mcas,montana_de_oro,1,2019,bloy,0
mcas,montana_de_oro,1,2019,brac,0
mcas,montana_de_oro,1,2019,brpe,0
mcas,montana_de_oro,1,2019,casl,0
mcas,montana_de_oro,1,2019,dcco,0
mcas,montana_de_oro,1,2019,hase,0
mcas,montana_de_oro,1,2019,peco,1
mcas,montana_de_oro,1,2019,unco,0
mcas,montana_de_oro,1,2019,wegu,2
mcas,montana_de_oro,1,2021,bloy,1
mcas,montana_de_oro,1,2021,brac,0
mcas,montana_de_oro,1,2021,brpe,0
mcas,montana_de_oro,1,2021,casl,0
mcas,montana_de_oro,1,2021,dcco,0
mcas,montana_de_oro,1,2021,hase,0
mcas,montana_de_oro,1,2021,peco,0
mcas,montana_de_oro,1,2021,unco,0
mcas,montana_de_oro,1,2021,wegu,2
mcas,montana_de_oro,2,2013,bloy,2
mcas,montana_de_oro,2,2013,brac,1
mcas,montana_de_oro,2,2013,brpe,0
mcas,montana_de_oro,2,2013,casl,0
mcas,montana_de_oro,2,2013,dcco,0
mcas,montana_de_oro,2,2013,hase,0
mcas,montana_de_oro,2,2013,peco,1
mcas,montana_de_oro,2,2013,unco,1
mcas,montana_de_oro,2,2013,wegu,1
mcas,montana_de_oro,2,2014,bloy,1
mcas,montana_de_oro,2,2014,brac,3
mcas,montana_de_oro,2,2014,brpe,0
mcas,montana_de_oro,2,2014,casl,0
mcas,montana_de_oro,2,2014,dcco,1
mcas,montana_de_oro,2,2014,hase,0
mcas,montana_de_oro,2,2014,peco,2
mcas,montana_de_oro,2,2014,unco,1
mcas,montana_de_oro,2,2014,wegu,2
mcas,montana_de_oro,2,2015,bloy,1
mcas,montana_de_oro,2,2015,brac,2
mcas,montana_de_oro,2,2015,brpe,1
mcas,montana_de_oro,2,2015,casl,0
mcas,montana_de_oro,2,2015,dcco,1
mcas,montana_de_oro,2,2015,hase,0
mcas,montana_de_oro,2,2015,peco,2
mcas,montana_de_oro,2,2015,unco,0
mcas,montana_de_oro,2,2015,wegu,3
mcas,montana_de_oro,2,2016,bloy,1
mcas,montana_de_oro,2,2016,brac,1
mcas,montana_de_oro,2,2016,brpe,0
mcas,montana_de_oro,2,2016,casl,0
mcas,montana_de_oro,2,2016,dcco,0
mcas,montana_de_oro,2,2016,hase,0
mcas,montana_de_oro,2,2016,peco,0
mcas,montana_de_oro,2,2016,unco,0
mcas,montana_de_oro,2,2016,wegu,1
mcas,montana_de_oro,2,2017,bloy,0
mcas,montana_de_oro,2,2017,brac,0
mcas,montana_de_oro,2,2017,brpe,0
mcas,montana_de_oro,2,2017,casl,0
mcas,montana_de_oro,2,2017,dcco,0
mcas,montana_de_oro,2,2017,hase,0
mcas,montana_de_oro,2,2017,peco,0
mcas,montana_de_oro,2,2017,unco,0
mcas,montana_de_oro,2,2017,wegu,1
mcas,montana_de_oro,2,2018,bloy,0
mcas,montana_de_oro,2,2018,brac,1
mcas,montana_de_oro,2,2018,brpe,0
mcas,montana_de_oro,2,2018,casl,0
mcas,montana_de_oro,2,2018,dcco,0
mcas,montana_de_oro,2,2018,hase,0
mcas,montana_de_oro,2,2018,peco,0
mcas,montana_de_oro,2,2018,unco,0
mcas,montana_de_oro,2,2018,wegu,1
mcas,montana_de_oro,2,2019,bloy,1
mcas,montana_de_oro,2,2019,brac,2
mcas,montana_de_oro,2,2019,brpe,0
mcas,montana_de_oro,2,2019,casl,0
mcas,montana_de_oro,2,2019,dcco,0
mcas,montana_de_oro,2,2019,hase,0
mcas,montana_de_oro,2,2019,peco,1
mcas,montana_de_oro,2,2019,unco,0
mcas,montana_de_oro,2,2019,wegu,1
mcas,montana_de_oro,2,2021,bloy,1
mcas,montana_de_oro,2,2021,brac,0
mcas,montana_de_oro,2,2021,brpe,0
mcas,montana_de_oro,2,2021,casl,0
mcas,montana_de_oro,2,2021,dcco,0
mcas,montana_de_oro,2,2021,hase,0
mcas,montana_de_oro,2,2021,peco,0
mcas,montana_de_oro,2,2021,unco,0
mcas,montana_de_oro,2,2021,wegu,1
mcas,montana_de_oro,3,2013,bloy,2
mcas,montana_de_oro,3,2013,brac,2
mcas,montana_de_oro,3,2013,brpe,0
mcas,montana_de_oro,3,2013,casl,1
mcas,montana_de_oro,3,2013,dcco,1
mcas,montana_de_oro,3,2013,hase,0
mcas,montana_de_oro,3,2013,peco,1
mcas,montana_de_oro,3,2013,unco,0
mcas,montana_de_oro,3,2013,wegu,2
mcas,montana_de_oro,3,2014,bloy,2
mcas,montana_de_oro,3,2014,brac,1
mcas,montana_de_oro,3,2014,brpe,1
mcas,montana_de_oro,3,2014,casl,0
mcas,montana_de_oro,3,2014,dcco,0
mcas,montana_de_oro,3,2014,hase,0
mcas,montana_de_oro,3,2014,peco,1
mcas,montana_de_oro,3,2014,unco,0
mcas,montana_de_oro,3,2014,wegu,1
mcas,montana_de_oro,3,2015,bloy,2
mcas,montana_de_oro,3,2015,brac,2
mcas,montana_de_oro,3,2015,brpe,0
mcas,montana_de_oro,3,2015,casl,0
mcas,montana_de_oro,3,2015,dcco,1
mcas,montana_de_oro,3,2015,hase,0
mcas,montana_de_oro,3,2015,peco,1
mcas,montana_de_oro,3,2015,unco,0
mcas,montana_de_oro,3,2015,wegu,1
mcas,montana_de_oro,3,2016,bloy,1
mcas,montana_de_oro,3,2016,brac,4
mcas,montana_de_oro,3,2016,brpe,0
mcas,montana_de_oro,3,2016,casl,0
mcas,montana_de_oro,3,2016,dcco,1
mcas,montana_de_oro,3,2016,hase,0
mcas,montana_de_oro,3,2016,peco,2
mcas,montana_de_oro,3,2016,unco,0
mcas,montana_de_oro,3,2016,wegu,2
mcas,montana_de_oro,3,2017,bloy,1
mcas,montana_de_oro,3,2017,brac,2
mcas,montana_de_oro,3,2017,brpe,0
mcas,montana_de_oro,3,2017,casl,0
mcas,montana_de_oro,3,2017,dcco,1
mcas,montana_de_oro,3,2017,hase,0
mcas,montana_de_oro,3,2017,peco,1
mcas,montana_de_oro,3,2017,unco,0
mcas,montana_de_oro,3,2017,wegu,2
mcas,montana_de_oro,3,2018,bloy,1
mcas,montana_de_oro,3,2018,brac,4
mcas,montana_de_oro,3,2018,brpe,0
mcas,montana_de_oro,3,2018,casl,0
mcas,montana_de_oro,3,2018,dcco,0
mcas,montana_de_oro,3,2018,hase,2
mcas,montana_de_oro,3,2018,peco,1
mcas,montana_de_oro,3,2018,unco,0
mcas,montana_de_oro,3,2018,wegu,2
mcas,montana_de_oro,3,2019,bloy,1
mcas,montana_de_oro,3,2019,brac,4
mcas,montana_de_oro,3,2019,brpe,0
mcas,montana_de_oro,3,2019,casl,0
mcas,montana_de_oro,3,2019,dcco,1
mcas,montana_de_oro,3,2019,hase,0
mcas,montana_de_oro,3,2019,peco,2
mcas,montana_de_oro,3,2019,unco,0
mcas,montana_de_oro,3,2019,wegu,2
mcas,montana_de_oro,3,2021,bloy,1
mcas,montana_de_oro,3,2021,brac,1
mcas,montana_de_oro,3,2021,brpe,0
mcas,montana_de_oro,3,2021,casl,0
mcas,montana_de_oro,3,2021,dcco,0
mcas,montana_de_oro,3,2021,hase,0
mcas,montana_de_oro,3,2021,peco,2
mcas,montana_de_oro,3,2021,unco,0
mcas,montana_de_oro,3,2021,wegu,3
mcas,montana_de_oro,4,2013,bloy,2
mcas,montana_de_oro,4,2013,brac,0
mcas,montana_de_oro,4,2013,brpe,0
mcas,montana_de_oro,4,2013,casl,0
mcas,montana_de_oro,4,2013,dcco,1
mcas,montana_de_oro,4,2013,hase,0
mcas,montana_de_oro,4,2013,peco,3
mcas,montana_de_oro,4,2013,unco,0
mcas,montana_de_oro,4,2013,wegu,1
mcas,montana_de_oro,4,2014,bloy,2
mcas,montana_de_oro,4,2014,brac,4
mcas,montana_de_oro,4,2014,brpe,0
mcas,montana_de_oro,4,2014,casl,0
mcas,montana_de_oro,4,2014,dcco,1
mcas,montana_de_oro,4,2014,hase,0
mcas,montana_de_oro,4,2014,peco,14
mcas,montana_de_oro,4,2014,unco,1
mcas,montana_de_oro,4,2014,wegu,2
mcas,montana_de_oro,4,2015,bloy,1
mcas,montana_de_oro,4,2015,brac,1
mcas,montana_de_oro,4,2015,brpe,0
mcas,montana_de_oro,4,2015,casl,0
mcas,montana_de_oro,4,2015,dcco,0
mcas,montana_de_oro,4,2015,hase,0
mcas,montana_de_oro,4,2015,peco,3
mcas,montana_de_oro,4,2015,unco,0
mcas,montana_de_oro,4,2015,wegu,2
mcas,montana_de_oro,4,2016,bloy,1
mcas,montana_de_oro,4,2016,brac,1
mcas,montana_de_oro,4,2016,brpe,0
mcas,montana_de_oro,4,2016,casl,0
mcas,montana_de_oro,4,2016,dcco,0
mcas,montana_de_oro,4,2016,hase,0
mcas,montana_de_oro,4,2016,peco,1
mcas,montana_de_oro,4,2016,unco,0
mcas,montana_de_oro,4,2016,wegu,1
mcas,montana_de_oro,4,2017,bloy,1
mcas,montana_de_oro,4,2017,brac,1
mcas,montana_de_oro,4,2017,brpe,0
mcas,montana_de_oro,4,2017,casl,0
mcas,montana_de_oro,4,2017,dcco,0
mcas,montana_de_oro,4,2017,hase,0
mcas,montana_de_oro,4,2017,peco,1
mcas,montana_de_oro,4,2017,unco,0
mcas,montana_de_oro,4,2017,wegu,2
mcas,montana_de_oro,4,2018,bloy,1
mcas,montana_de_oro,4,2018,brac,1
mcas,montana_de_oro,4,2018,brpe,0
mcas,montana_de_oro,4,2018,casl,0
mcas,montana_de_oro,4,2018,dcco,0
mcas,montana_de_oro,4,2018,hase,0
mcas,montana_de_oro,4,2018,peco,1
mcas,montana_de_oro,4,2018,unco,0
mcas,montana_de_oro,4,2018,wegu,3
mcas,montana_de_oro,4,2019,bloy,1
mcas,montana_de_oro,4,2019,brac,1
mcas,montana_de_oro,4,2019,brpe,0
mcas,montana_de_oro,4,2019,casl,0
mcas,montana_de_oro,4,2019,dcco,0
mcas,montana_de_oro,4,2019,hase,0
mcas,montana_de_oro,4,2019,peco,2
mcas,montana_de_oro,4,2019,unco,0
mcas,montana_de_oro,4,2019,wegu,3
mcas,montana_de_oro,4,2021,bloy,1
mcas,montana_de_oro,4,2021,brac,1
mcas,montana_de_oro,4,2021,brpe,0
mcas,montana_de_oro,4,2021,casl,0
mcas,montana_de_oro,4,2021,dcco,0
mcas,montana_de_oro,4,2021,hase,0
mcas,montana_de_oro,4,2021,peco,1
mcas,montana_de_oro,4,2021,unco,0
mcas,montana_de_oro,4,2021,wegu,3
mcas,montana_de_oro,5,2013,bloy,1
mcas,montana_de_oro,5,2013,brac,0
mcas,montana_de_oro,5,2013,brpe,0
mcas,montana_de_oro,5,2013,casl,0
mcas,montana_de_oro,5,2013,dcco,0
mcas,montana_de_oro,5,2013,hase,1
mcas,montana_de_oro,5,2013,peco,0
mcas,montana_de_oro,5,2013,unco,0
mcas,montana_de_oro,5,2013,wegu,2
mcas,montana_de_oro,5,2014,bloy,1
mcas,montana_de_oro,5,2014,brac,1
mcas,montana_de_oro,5,2014,brpe,0
mcas,montana_de_oro,5,2014,casl,1
mcas,montana_de_oro,5,2014,dcco,0
mcas,montana_de_oro,5,2014,hase,1
mcas,montana_de_oro,5,2014,peco,5
mcas,montana_de_oro,5,2014,unco,0
mcas,montana_de_oro,5,2014,wegu,2
mcas,montana_de_oro,5,2015,bloy,1
mcas,montana_de_oro,5,2015,brac,1
mcas,montana_de_oro,5,2015,brpe,0
mcas,montana_de_oro,5,2015,casl,0
mcas,montana_de_oro,5,2015,dcco,0
mcas,montana_de_oro,5,2015,hase,1
mcas,montana_de_oro,5,2015,peco,5
mcas,montana_de_oro,5,2015,unco,1
mcas,montana_de_oro,5,2015,wegu,2
mcas,montana_de_oro,5,2016,bloy,1
mcas,montana_de_oro,5,2016,brac,1
mcas,montana_de_oro,5,2016,brpe,0
mcas,montana_de_oro,5,2016,casl,0
mcas,montana_de_oro,5,2016,dcco,0
mcas,montana_de_oro,5,2016,hase,1
mcas,montana_de_oro,5,2016,peco,2
mcas,montana_de_oro,5,2016,unco,0
mcas,montana_de_oro,5,2016,wegu,1
mcas,montana_de_oro,5,2017,bloy,0
mcas,montana_de_oro,5,2017,brac,1
mcas,montana_de_oro,5,2017,brpe,0
mcas,montana_de_oro,5,2017,casl,0
mcas,montana_de_oro,5,2017,dcco,0
mcas,montana_de_oro,5,2017,hase,0
mcas,montana_de_oro,5,2017,peco,1
mcas,montana_de_oro,5,2017,unco,0
mcas,montana_de_oro,5,2017,wegu,2
mcas,montana_de_oro,5,2018,bloy,1
mcas,montana_de_oro,5,2018,brac,0
mcas,montana_de_oro,5,2018,brpe,0
mcas,montana_de_oro,5,2018,casl,0
mcas,montana_de_oro,5,2018,dcco,0
mcas,montana_de_oro,5,2018,hase,1
mcas,montana_de_oro,5,2018,peco,1
mcas,montana_de_oro,5,2018,unco,0
mcas,montana_de_oro,5,2018,wegu,3
mcas,montana_de_oro,5,2019,bloy,0
mcas,montana_de_oro,5,2019,brac,1
mcas,montana_de_oro,5,2019,brpe,0
mcas,montana_de_oro,5,2019,casl,0
mcas,montana_de_oro,5,2019,dcco,0
mcas,montana_de_oro,5,2019,hase,1
mcas,montana_de_oro,5,2019,peco,2
mcas,montana_de_oro,5,2019,unco,0
mcas,montana_de_oro,5,2019,wegu,1
mcas,montana_de_oro,5,2021,bloy,0
mcas,montana_de_oro,5,2021,brac,1
mcas,montana_de_oro,5,2021,brpe,0
mcas,montana_de_oro,5,2021,casl,0
mcas,montana_de_oro,5,2021,dcco,0
mcas,montana_de_oro,5,2021,hase,0
mcas,montana_de_oro,5,2021,peco,1
mcas,montana_de_oro,5,2021,unco,0
mcas,montana_de_oro,5,2021,wegu,1
mcas,montana_de_oro,6,2013,bloy,2
mcas,montana_de_oro,6,2013,brac,3
mcas,montana_de_oro,6,2013,brpe,0
mcas,montana_de_oro,6,2013,casl,0
mcas,montana_de_oro,6,2013,dcco,1
mcas,montana_de_oro,6,2013,hase,0
mcas,montana_de_oro,6,2013,peco,9
mcas,montana_de_oro,6,2013,unco,2
mcas,montana_de_oro,6,2013,wegu,5
mcas,montana_de_oro,6,2014,bloy,2
mcas,montana_de_oro,6,2014,brac,4
mcas,montana_de_oro,6,2014,brpe,0
mcas,montana_de_oro,6,2014,casl,0
mcas,montana_de_oro,6,2014,dcco,1
mcas,montana_de_oro,6,2014,hase,0
mcas,montana_de_oro,6,2014,peco,6
mcas,montana_de_oro,6,2014,unco,1
mcas,montana_de_oro,6,2014,wegu,4
mcas,montana_de_oro,6,2015,bloy,2
mcas,montana_de_oro,6,2015,brac,8
mcas,montana_de_oro,6,2015,brpe,1
mcas,montana_de_oro,6,2015,casl,0
mcas,montana_de_oro,6,2015,dcco,1
mcas,montana_de_oro,6,2015,hase,0
mcas,montana_de_oro,6,2015,peco,13
mcas,montana_de_oro,6,2015,unco,3
mcas,montana_de_oro,6,2015,wegu,4
mcas,montana_de_oro,6,2016,bloy,1
mcas,montana_de_oro,6,2016,brac,11
mcas,montana_de_oro,6,2016,brpe,0
mcas,montana_de_oro,6,2016,casl,0
mcas,montana_de_oro,6,2016,dcco,0
mcas,montana_de_oro,6,2016,hase,0
mcas,montana_de_oro,6,2016,peco,5
mcas,montana_de_oro,6,2016,unco,3
mcas,montana_de_oro,6,2016,wegu,3
mcas,montana_de_oro,6,2017,bloy,1
mcas,montana_de_oro,6,2017,brac,10
mcas,montana_de_oro,6,2017,brpe,0
mcas,montana_de_oro,6,2017,casl,0
mcas,montana_de_oro,6,2017,dcco,0
mcas,montana_de_oro,6,2017,hase,0
mcas,montana_de_oro,6,2017,peco,6
mcas,montana_de_oro,6,2017,unco,0
mcas,montana_de_oro,6,2017,wegu,5
mcas,montana_de_oro,6,2018,bloy,1
mcas,montana_de_oro,6,2018,brac,12
mcas,montana_de_oro,6,2018,brpe,1
mcas,montana_de_oro,6,2018,casl,0
mcas,montana_de_oro,6,2018,dcco,0
mcas,montana_de_oro,6,2018,hase,0
mcas,montana_de_oro,6,2018,peco,11
mcas,montana_de_oro,6,2018,unco,1
mcas,montana_de_oro,6,2018,wegu,5
mcas,montana_de_oro,6,2019,bloy,1
mcas,montana_de_oro,6,2019,brac,5
mcas,montana_de_oro,6,2019,brpe,1
mcas,montana_de_oro,6,2019,casl,0
mcas,montana_de_oro,6,2019,dcco,1
mcas,montana_de_oro,6,2019,hase,0
mcas,montana_de_oro,6,2019,peco,17
mcas,montana_de_oro,6,2019,unco,0
mcas,montana_de_oro,6,2019,wegu,5
mcas,montana_de_oro,6,2021,bloy,2
mcas,montana_de_oro,6,2021,brac,11
mcas,montana_de_oro,6,2021,brpe,0
mcas,montana_de_oro,6,2021,casl,0
mcas,montana_de_oro,6,2021,dcco,1
mcas,montana_de_oro,6,2021,hase,0
mcas,montana_de_oro,6,2021,peco,7
mcas,montana_de_oro,6,2021,unco,0
mcas,montana_de_oro,6,2021,wegu,4
mcas,montana_de_oro,7,2013,bloy,1
mcas,montana_de_oro,7,2013,brac,0
mcas,montana_de_oro,7,2013,brpe,0
mcas,montana_de_oro,7,2013,casl,0
mcas,montana_de_oro,7,2013,dcco,0
mcas,montana_de_oro,7,2013,hase,0
mcas,montana_de_oro,7,2013,peco,0
mcas,montana_de_oro,7,2013,unco,0
mcas,montana_de_oro,7,2013,wegu,1
mcas,montana_de_oro,7,2014,bloy,1
mcas,montana_de_oro,7,2014,brac,0
mcas,montana_de_oro,7,2014,brpe,0
mcas,montana_de_oro,7,2014,casl,0
mcas,montana_de_oro,7,2014,dcco,0
mcas,montana_de_oro,7,2014,hase,0
mcas,montana_de_oro,7,2014,peco,0
mcas,montana_de_oro,7,2014,unco,0
mcas,montana_de_oro,7,2014,wegu,2
mcas,montana_de_oro,7,2015,bloy,2
mcas,montana_de_oro,7,2015,brac,3
mcas,montana_de_oro,7,2015,brpe,1
mcas,montana_de_oro,7,2015,casl,0
mcas,montana_de_oro,7,2015,dcco,0
mcas,montana_de_oro,7,2015,hase,1
mcas,montana_de_oro,7,2015,peco,2
mcas,montana_de_oro,7,2015,unco,0
mcas,montana_de_oro,7,2015,wegu,2
mcas,montana_de_oro,7,2016,bloy,1
mcas,montana_de_oro,7,2016,brac,1
mcas,montana_de_oro,7,2016,brpe,0
mcas,montana_de_oro,7,2016,casl,0
mcas,montana_de_oro,7,2016,dcco,0
mcas,montana_de_oro,7,2016,hase,0
mcas,montana_de_oro,7,2016,peco,1
mcas,montana_de_oro,7,2016,unco,0
mcas,montana_de_oro,7,2016,wegu,3
mcas,montana_de_oro,7,2017,bloy,1
mcas,montana_de_oro,7,2017,brac,0
mcas,montana_de_oro,7,2017,brpe,0
mcas,montana_de_oro,7,2017,casl,0
mcas,montana_de_oro,7,2017,dcco,0
mcas,montana_de_oro,7,2017,hase,0
mcas,montana_de_oro,7,2017,peco,0
mcas,montana_de_oro,7,2017,unco,0
mcas,montana_de_oro,7,2017,wegu,2
mcas,montana_de_oro,7,2018,bloy,1
mcas,montana_de_oro,7,2018,brac,1
mcas,montana_de_oro,7,2018,brpe,0
mcas,montana_de_oro,7,2018,casl,0
mcas,montana_de_oro,7,2018,dcco,0
mcas,montana_de_oro,7,2018,hase,0
mcas,montana_de_oro,7,2018,peco,1
mcas,montana_de_oro,7,2018,unco,0
mcas,montana_de_oro,7,2018,wegu,2
mcas,montana_de_oro,7,2019,bloy,1
mcas,montana_de_oro,7,2019,brac,1
mcas,montana_de_oro,7,2019,brpe,1
mcas,montana_de_oro,7,2019,casl,0
mcas,montana_de_oro,7,2019,dcco,0
mcas,montana_de_oro,7,2019,hase,0
mcas,montana_de_oro,7,2019,peco,0
mcas,montana_de_oro,7,2019,unco,0
mcas,montana_de_oro,7,2019,wegu,2
mcas,montana_de_oro,7,2021,bloy,2
mcas,montana_de_oro,7,2021,brac,0
mcas,montana_de_oro,7,2021,brpe,0
mcas,montana_de_oro,7,2021,casl,0
mcas,montana_de_oro,7,2021,dcco,0
mcas,montana_de_oro,7,2021,hase,0
mcas,montana_de_oro,7,2021,peco,0
mcas,montana_de_oro,7,2021,unco,0
mcas,montana_de_oro,7,2021,wegu,2
mcas,montana_de_oro,8,2013,bloy,1
mcas,montana_de_oro,8,2013,brac,1
mcas,montana_de_oro,8,2013,brpe,0
mcas,montana_de_oro,8,2013,casl,0
mcas,montana_de_oro,8,2013,dcco,2
mcas,montana_de_oro,8,2013,hase,0
mcas,montana_de_oro,8,2013,peco,1
mcas,montana_de_oro,8,2013,unco,0
mcas,montana_de_oro,8,2013,wegu,1
mcas,montana_de_oro,8,2014,bloy,1
mcas,montana_de_oro,8,2014,brac,0
mcas,montana_de_oro,8,2014,brpe,0
mcas,montana_de_oro,8,2014,casl,0
mcas,montana_de_oro,8,2014,dcco,0
mcas,montana_de_oro,8,2014,hase,0
mcas,montana_de_oro,8,2014,peco,0
mcas,montana_de_oro,8,2014,unco,0
mcas,montana_de_oro,8,2014,wegu,1
mcas,montana_de_oro,8,2015,bloy,1
mcas,montana_de_oro,8,2015,brac,1
mcas,montana_de_oro,8,2015,brpe,0
mcas,montana_de_oro,8,2015,casl,0
mcas,montana_de_oro,8,2015,dcco,0
mcas,montana_de_oro,8,2015,hase,5
mcas,montana_de_oro,8,2015,peco,1
mcas,montana_de_oro,8,2015,unco,0
mcas,montana_de_oro,8,2015,wegu,2
mcas,montana_de_oro,8,2016,bloy,1
mcas,montana_de_oro,8,2016,brac,0
mcas,montana_de_oro,8,2016,brpe,0
mcas,montana_de_oro,8,2016,casl,0
mcas,montana_de_oro,8,2016,dcco,0
mcas,montana_de_oro,8,2016,hase,0
mcas,montana_de_oro,8,2016,peco,0
mcas,montana_de_oro,8,2016,unco,0
mcas,montana_de_oro,8,2016,wegu,1
mcas,montana_de_oro,8,2017,bloy,0
mcas,montana_de_oro,8,2017,brac,0
mcas,montana_de_oro,8,2017,brpe,0
mcas,montana_de_oro,8,2017,casl,0
mcas,montana_de_oro,8,2017,dcco,0
mcas,montana_de_oro,8,2017,hase,2
mcas,montana_de_oro,8,2017,peco,1
mcas,montana_de_oro,8,2017,unco,0
mcas,montana_de_oro,8,2017,wegu,1
mcas,montana_de_oro,8,2018,bloy,1
mcas,montana_de_oro,8,2018,brac,0
mcas,montana_de_oro,8,2018,brpe,0
mcas,montana_de_oro,8,2018,casl,0
mcas,montana_de_oro,8,2018,dcco,0
mcas,montana_de_oro,8,2018,hase,3
mcas,montana_de_oro,8,2018,peco,0
mcas,montana_de_oro,8,2018,unco,0
mcas,montana_de_oro,8,2018,wegu,1
mcas,montana_de_oro,8,2019,bloy,1
mcas,montana_de_oro,8,2019,brac,0
mcas,montana_de_oro,8,2019,brpe,0
mcas,montana_de_oro,8,2019,casl,0
mcas,montana_de_oro,8,2019,dcco,0
mcas,montana_de_oro,8,2019,hase,0
mcas,montana_de_oro,8,2019,peco,0
mcas,montana_de_oro,8,2019,unco,0
mcas,montana_de_oro,8,2019,wegu,1
mcas,montana_de_oro,8,2021,bloy,1
mcas,montana_de_oro,8,2021,brac,0
mcas,montana_de_oro,8,2021,brpe,0
mcas,montana_de_oro,8,2021,casl,0
mcas,montana_de_oro,8,2021,dcco,0
mcas,montana_de_oro,8,2021,hase,0
mcas,montana_de_oro,8,2021,peco,0
mcas,montana_de_oro,8,2021,unco,0
mcas,montana_de_oro,8,2021,wegu,2
mcas,montana_de_oro,9,2013,bloy,1
mcas,montana_de_oro,9,2013,brac,0
mcas,montana_de_oro,9,2013,brpe,0
mcas,montana_de_oro,9,2013,casl,0
mcas,montana_de_oro,9,2013,dcco,1
mcas,montana_de_oro,9,2013,hase,0
mcas,montana_de_oro,9,2013,peco,0
mcas,montana_de_oro,9,2013,unco,0
mcas,montana_de_oro,9,2013,wegu,9
mcas,montana_de_oro,9,2014,bloy,1
mcas,montana_de_oro,9,2014,brac,1
mcas,montana_de_oro,9,2014,brpe,0
mcas,montana_de_oro,9,2014,casl,0
mcas,montana_de_oro,9,2014,dcco,0
mcas,montana_de_oro,9,2014,hase,5
mcas,montana_de_oro,9,2014,peco,1
mcas,montana_de_oro,9,2014,unco,0
mcas,montana_de_oro,9,2014,wegu,8
mcas,montana_de_oro,9,2015,bloy,2
mcas,montana_de_oro,9,2015,brac,1
mcas,montana_de_oro,9,2015,brpe,0
mcas,montana_de_oro,9,2015,casl,1
mcas,montana_de_oro,9,2015,dcco,0
mcas,montana_de_oro,9,2015,hase,2
mcas,montana_de_oro,9,2015,peco,1
mcas,montana_de_oro,9,2015,unco,0
mcas,montana_de_oro,9,2015,wegu,8
mcas,montana_de_oro,9,2016,bloy,1
mcas,montana_de_oro,9,2016,brac,1
mcas,montana_de_oro,9,2016,brpe,0
mcas,montana_de_oro,9,2016,casl,0
mcas,montana_de_oro,9,2016,dcco,0
mcas,montana_de_oro,9,2016,hase,3
mcas,montana_de_oro,9,2016,peco,1
mcas,montana_de_oro,9,2016,unco,1
mcas,montana_de_oro,9,2016,wegu,13
mcas,montana_de_oro,9,2017,bloy,1
mcas,montana_de_oro,9,2017,brac,0
mcas,montana_de_oro,9,2017,brpe,0
mcas,montana_de_oro,9,2017,casl,0
mcas,montana_de_oro,9,2017,dcco,0
mcas,montana_de_oro,9,2017,hase,3
mcas,montana_de_oro,9,2017,peco,1
mcas,montana_de_oro,9,2017,unco,0
mcas,montana_de_oro,9,2017,wegu,25
mcas,montana_de_oro,9,2018,bloy,1
mcas,montana_de_oro,9,2018,brac,2
mcas,montana_de_oro,9,2018,brpe,0
mcas,montana_de_oro,9,2018,casl,0
mcas,montana_de_oro,9,2018,dcco,0
mcas,montana_de_oro,9,2018,hase,1
mcas,montana_de_oro,9,2018,peco,0
mcas,montana_de_oro,9,2018,unco,0
mcas,montana_de_oro,9,2018,wegu,14
mcas,montana_de_oro,9,2019,bloy,1
mcas,montana_de_oro,9,2019,brac,0
mcas,montana_de_oro,9,2019,brpe,0
mcas,montana_de_oro,9,2019,casl,1
mcas,montana_de_oro,9,2019,dcco,0
mcas,montana_de_oro,9,2019,hase,0
mcas,montana_de_oro,9,2019,peco,1
mcas,montana_de_oro,9,2019,unco,1
mcas,montana_de_oro,9,2019,wegu,14
mcas,montana_de_oro,9,2021,bloy,1
mcas,montana_de_oro,9,2021,brac,1
mcas,montana_de_oro,9,2021,brpe,0
mcas,montana_de_oro,9,2021,casl,0
mcas,montana_de_oro,9,2021,dcco,0
mcas,montana_de_oro,9,2021,hase,0
mcas,montana_de_oro,9,2021,peco,0
mcas,montana_de_oro,9,2021,unco,0
mcas,montana_de_oro,9,2021,wegu,10
mcas,montana_de_oro,10,2013,bloy,1
mcas,montana_de_oro,10,2013,brac,1
mcas,montana_de_oro,10,2013,brpe,2
mcas,montana_de_oro,10,2013,casl,0
mcas,montana_de_oro,10,2013,dcco,2
mcas,montana_de_oro,10,2013,hase,0
mcas,montana_de_oro,10,2013,peco,7
mcas,montana_de_oro,10,2013,unco,0
mcas,montana_de_oro,10,2013,wegu,4
mcas,montana_de_oro,10,2014,bloy,1
mcas,montana_de_oro,10,2014,brac,5
mcas,montana_de_oro,10,2014,brpe,1
mcas,montana_de_oro,10,2014,casl,0
mcas,montana_de_oro,10,2014,dcco,1
mcas,montana_de_oro,10,2014,hase,0
mcas,montana_de_oro,10,2014,peco,12
mcas,montana_de_oro,10,2014,unco,1
mcas,montana_de_oro,10,2014,wegu,4
mcas,montana_de_oro,10,2015,bloy,1
mcas,montana_de_oro,10,2015,brac,1
mcas,montana_de_oro,10,2015,brpe,3
mcas,montana_de_oro,10,2015,casl,1
mcas,montana_de_oro,10,2015,dcco,1
mcas,montana_de_oro,10,2015,hase,0
mcas,montana_de_oro,10,2015,peco,3
mcas,montana_de_oro,10,2015,unco,1
mcas,montana_de_oro,10,2015,wegu,3
mcas,montana_de_oro,10,2016,bloy,1
mcas,montana_de_oro,10,2016,brac,1
mcas,montana_de_oro,10,2016,brpe,0
mcas,montana_de_oro,10,2016,casl,0
mcas,montana_de_oro,10,2016,dcco,0
mcas,montana_de_oro,10,2016,hase,0
mcas,montana_de_oro,10,2016,peco,1
mcas,montana_de_oro,10,2016,unco,0
mcas,montana_de_oro,10,2016,wegu,4
mcas,montana_de_oro,10,2017,bloy,1
mcas,montana_de_oro,10,2017,brac,1
mcas,montana_de_oro,10,2017,brpe,0
mcas,montana_de_oro,10,2017,casl,0
mcas,montana_de_oro,10,2017,dcco,0
mcas,montana_de_oro,10,2017,hase,0
mcas,montana_de_oro,10,2017,peco,1
mcas,montana_de_oro,10,2017,unco,0
mcas,montana_de_oro,10,2017,wegu,3
mcas,montana_de_oro,10,2018,bloy,1
mcas,montana_de_oro,10,2018,brac,1
mcas,montana_de_oro,10,2018,brpe,1
mcas,montana_de_oro,10,2018,casl,0
mcas,montana_de_oro,10,2018,dcco,0
mcas,montana_de_oro,10,2018,hase,0
mcas,montana_de_oro,10,2018,peco,2
mcas,montana_de_oro,10,2018,unco,0
mcas,montana_de_oro,10,2018,wegu,4
mcas,montana_de_oro,10,2019,bloy,1
mcas,montana_de_oro,10,2019,brac,4
mcas,montana_de_oro,10,2019,brpe,0
mcas,montana_de_oro,10,2019,casl,0
mcas,montana_de_oro,10,2019,dcco,1
mcas,montana_de_oro,10,2019,hase,1
mcas,montana_de_oro,10,2019,peco,15
mcas,montana_de_oro,10,2019,unco,0
mcas,montana_de_oro,10,2019,wegu,19
mcas,montana_de_oro,10,2021,bloy,1
mcas,montana_de_oro,10,2021,brac,28
mcas,montana_de_oro,10,2021,brpe,0
mcas,montana_de_oro,10,2021,casl,0
mcas,montana_de_oro,10,2021,dcco,0
mcas,montana_de_oro,10,2021,hase,0
mcas,montana_de_oro,10,2021,peco,4
mcas,montana_de_oro,10,2021,unco,7
mcas,montana_de_oro,10,2021,wegu,4
mcas,shell_beach,1,2015,bloy,0
mcas,shell_beach,1,2015,brac,8
mcas,shell_beach,1,2015,brpe,2
mcas,shell_beach,1,2015,casl,0
mcas,shell_beach,1,2015,dcco,0
mcas,shell_beach,1,2015,hase,1
mcas,shell_beach,1,2015,peco,0
mcas,shell_beach,1,2015,unco,11
mcas,shell_beach,1,2015,wegu,1
mcas,shell_beach,1,2016,bloy,1
mcas,shell_beach,1,2016,brac,10
mcas,shell_beach,1,2016,brpe,3
mcas,shell_beach,1,2016,casl,0
mcas,shell_beach,1,2016,dcco,0
mcas,shell_beach,1,2016,hase,1
mcas,shell_beach,1,2016,peco,1
mcas,shell_beach,1,2016,unco,4
mcas,shell_beach,1,2016,wegu,2
mcas,shell_beach,1,2017,bloy,1
mcas,shell_beach,1,2017,brac,16
mcas,shell_beach,1,2017,brpe,1
mcas,shell_beach,1,2017,casl,0
mcas,shell_beach,1,2017,dcco,0
mcas,shell_beach,1,2017,hase,1
mcas,shell_beach,1,2017,peco,1
mcas,shell_beach,1,2017,unco,1
mcas,shell_beach,1,2017,wegu,1
mcas,shell_beach,1,2018,bloy,1
mcas,shell_beach,1,2018,brac,17
mcas,shell_beach,1,2018,brpe,1
mcas,shell_beach,1,2018,casl,0
mcas,shell_beach,1,2018,dcco,1
mcas,shell_beach,1,2018,hase,0
mcas,shell_beach,1,2018,peco,0
mcas,shell_beach,1,2018,unco,3
mcas,shell_beach,1,2018,wegu,1
mcas,shell_beach,1,2019,bloy,1
mcas,shell_beach,1,2019,brac,21
mcas,shell_beach,1,2019,brpe,1
mcas,shell_beach,1,2019,casl,0
mcas,shell_beach,1,2019,dcco,0
mcas,shell_beach,1,2019,hase,0
mcas,shell_beach,1,2019,peco,0
mcas,shell_beach,1,2019,unco,5
mcas,shell_beach,1,2019,wegu,1
mcas,shell_beach,1,2021,bloy,0
mcas,shell_beach,1,2021,brac,13
mcas,shell_beach,1,2021,brpe,2
mcas,shell_beach,1,2021,casl,0
mcas,shell_beach,1,2021,dcco,3
mcas,shell_beach,1,2021,hase,0
mcas,shell_beach,1,2021,peco,0
mcas,shell_beach,1,2021,unco,7
mcas,shell_beach,1,2021,wegu,2
mcas,shell_beach,2,2015,bloy,4
mcas,shell_beach,2,2015,brac,10
mcas,shell_beach,2,2015,brpe,64
mcas,shell_beach,2,2015,casl,0
mcas,shell_beach,2,2015,dcco,2
mcas,shell_beach,2,2015,hase,0
mcas,shell_beach,2,2015,peco,11
mcas,shell_beach,2,2015,unco,2
mcas,shell_beach,2,2015,wegu,18
mcas,shell_beach,2,2016,bloy,2
mcas,shell_beach,2,2016,brac,3
mcas,shell_beach,2,2016,brpe,18
mcas,shell_beach,2,2016,casl,0
mcas,shell_beach,2,2016,dcco,1
mcas,shell_beach,2,2016,hase,0
mcas,shell_beach,2,2016,peco,7
mcas,shell_beach,2,2016,unco,0
mcas,shell_beach,2,2016,wegu,11
mcas,shell_beach,2,2017,bloy,2
mcas,shell_beach,2,2017,brac,5
mcas,shell_beach,2,2017,brpe,49
mcas,shell_beach,2,2017,casl,0
mcas,shell_beach,2,2017,dcco,1
mcas,shell_beach,2,2017,hase,0
mcas,shell_beach,2,2017,peco,2
mcas,shell_beach,2,2017,unco,0
mcas,shell_beach,2,2017,wegu,13
mcas,shell_beach,2,2018,bloy,2
mcas,shell_beach,2,2018,brac,33
mcas,shell_beach,2,2018,brpe,46
mcas,shell_beach,2,2018,casl,1
mcas,shell_beach,2,2018,dcco,2
mcas,shell_beach,2,2018,hase,2
mcas,shell_beach,2,2018,peco,2
mcas,shell_beach,2,2018,unco,3
mcas,shell_beach,2,2018,wegu,7
mcas,shell_beach,2,2019,bloy,2
mcas,shell_beach,2,2019,brac,41
mcas,shell_beach,2,2019,brpe,25
mcas,shell_beach,2,2019,casl,0
mcas,shell_beach,2,2019,dcco,1
mcas,shell_beach,2,2019,hase,1
mcas,shell_beach,2,2019,peco,3
mcas,shell_beach,2,2019,unco,4
mcas,shell_beach,2,2019,wegu,22
mcas,shell_beach,2,2021,bloy,2
mcas,shell_beach,2,2021,brac,11
mcas,shell_beach,2,2021,brpe,25
mcas,shell_beach,2,2021,casl,0
mcas,shell_beach,2,2021,dcco,1
mcas,shell_beach,2,2021,hase,0
mcas,shell_beach,2,2021,peco,3
mcas,shell_beach,2,2021,unco,0
mcas,shell_beach,2,2021,wegu,38
mcas,shell_beach,3,2015,bloy,2
mcas,shell_beach,3,2015,brac,114
mcas,shell_beach,3,2015,brpe,302
mcas,shell_beach,3,2015,casl,0
mcas,shell_beach,3,2015,dcco,25
mcas,shell_beach,3,2015,hase,73
mcas,shell_beach,3,2015,peco,10
mcas,shell_beach,3,2015,unco,1
mcas,shell_beach,3,2015,wegu,39
mcas,shell_beach,3,2016,bloy,2
mcas,shell_beach,3,2016,brac,74
mcas,shell_beach,3,2016,brpe,157
mcas,shell_beach,3,2016,casl,1
mcas,shell_beach,3,2016,dcco,13
mcas,shell_beach,3,2016,hase,53
mcas,shell_beach,3,2016,peco,11
mcas,shell_beach,3,2016,unco,1
mcas,shell_beach,3,2016,wegu,39
mcas,shell_beach,3,2017,bloy,2
mcas,shell_beach,3,2017,brac,37
mcas,shell_beach,3,2017,brpe,247
mcas,shell_beach,3,2017,casl,1
mcas,shell_beach,3,2017,dcco,6
mcas,shell_beach,3,2017,hase,49
mcas,shell_beach,3,2017,peco,8
mcas,shell_beach,3,2017,unco,2
mcas,shell_beach,3,2017,wegu,36
mcas,shell_beach,3,2018,bloy,2
mcas,shell_beach,3,2018,brac,111
mcas,shell_beach,3,2018,brpe,262
mcas,shell_beach,3,2018,casl,0
mcas,shell_beach,3,2018,dcco,7
mcas,shell_beach,3,2018,hase,43
mcas,shell_beach,3,2018,peco,14
mcas,shell_beach,3,2018,unco,6
mcas,shell_beach,3,2018,wegu,35
mcas,shell_beach,3,2019,bloy,2
mcas,shell_beach,3,2019,brac,213
mcas,shell_beach,3,2019,brpe,153
mcas,shell_beach,3,2019,casl,1
mcas,shell_beach,3,2019,dcco,11
mcas,shell_beach,3,2019,hase,30
mcas,shell_beach,3,2019,peco,13
mcas,shell_beach,3,2019,unco,11
mcas,shell_beach,3,2019,wegu,51
mcas,shell_beach,3,2021,bloy,3
mcas,shell_beach,3,2021,brac,99
mcas,shell_beach,3,2021,brpe,171
mcas,shell_beach,3,2021,casl,1
mcas,shell_beach,3,2021,dcco,4
mcas,shell_beach,3,2021,hase,29
mcas,shell_beach,3,2021,peco,21
mcas,shell_beach,3,2021,unco,0
mcas,shell_beach,3,2021,wegu,37
mcas,shell_beach,4,2015,bloy,0
mcas,shell_beach,4,2015,brac,38
mcas,shell_beach,4,2015,brpe,168
mcas,shell_beach,4,2015,casl,0
mcas,shell_beach,4,2015,dcco,1
mcas,shell_beach,4,2015,hase,0
mcas,shell_beach,4,2015,peco,2
mcas,shell_beach,4,2015,unco,0
mcas,shell_beach,4,2015,wegu,27
mcas,shell_beach,4,2016,bloy,0
mcas,shell_beach,4,2016,brac,76
mcas,shell_beach,4,2016,brpe,4
mcas,shell_beach,4,2016,casl,0
mcas,shell_beach,4,2016,dcco,1
mcas,shell_beach,4,2016,hase,0
mcas,shell_beach,4,2016,peco,1
mcas,shell_beach,4,2016,unco,6
mcas,shell_beach,4,2016,wegu,19
mcas,shell_beach,4,2017,bloy,0
mcas,shell_beach,4,2017,brac,65
mcas,shell_beach,4,2017,brpe,171
mcas,shell_beach,4,2017,casl,0
mcas,shell_beach,4,2017,dcco,2
mcas,shell_beach,4,2017,hase,0
mcas,shell_beach,4,2017,peco,1
mcas,shell_beach,4,2017,unco,1
mcas,shell_beach,4,2017,wegu,17
mcas,shell_beach,4,2018,bloy,1
mcas,shell_beach,4,2018,brac,82
mcas,shell_beach,4,2018,brpe,129
mcas,shell_beach,4,2018,casl,0
mcas,shell_beach,4,2018,dcco,1
mcas,shell_beach,4,2018,hase,0
mcas,shell_beach,4,2018,peco,1
mcas,shell_beach,4,2018,unco,1
mcas,shell_beach,4,2018,wegu,22
mcas,shell_beach,4,2019,bloy,0
mcas,shell_beach,4,2019,brac,278
mcas,shell_beach,4,2019,brpe,46
mcas,shell_beach,4,2019,casl,0
mcas,shell_beach,4,2019,dcco,0
mcas,shell_beach,4,2019,hase,0
mcas,shell_beach,4,2019,peco,1
mcas,shell_beach,4,2019,unco,3
mcas,shell_beach,4,2019,wegu,23
mcas,shell_beach,4,2021,bloy,1
mcas,shell_beach,4,2021,brac,404
mcas,shell_beach,4,2021,brpe,61
mcas,shell_beach,4,2021,casl,0
mcas,shell_beach,4,2021,dcco,1
mcas,shell_beach,4,2021,hase,0
mcas,shell_beach,4,2021,peco,1
mcas,shell_beach,4,2021,unco,0
mcas,shell_beach,4,2021,wegu,26
mcas,shell_beach,5,2015,bloy,1
mcas,shell_beach,5,2015,brac,2
mcas,shell_beach,5,2015,brpe,35
mcas,shell_beach,5,2015,casl,0
mcas,shell_beach,5,2015,dcco,2
mcas,shell_beach,5,2015,hase,9
mcas,shell_beach,5,2015,peco,6
mcas,shell_beach,5,2015,unco,0
mcas,shell_beach,5,2015,wegu,14
mcas,shell_beach,5,2016,bloy,1
mcas,shell_beach,5,2016,brac,4
mcas,shell_beach,5,2016,brpe,2
mcas,shell_beach,5,2016,casl,0
mcas,shell_beach,5,2016,dcco,1
mcas,shell_beach,5,2016,hase,6
mcas,shell_beach,5,2016,peco,4
mcas,shell_beach,5,2016,unco,1
mcas,shell_beach,5,2016,wegu,13
mcas,shell_beach,5,2017,bloy,1
mcas,shell_beach,5,2017,brac,2
mcas,shell_beach,5,2017,brpe,29
mcas,shell_beach,5,2017,casl,0
mcas,shell_beach,5,2017,dcco,1
mcas,shell_beach,5,2017,hase,2
mcas,shell_beach,5,2017,peco,5
mcas,shell_beach,5,2017,unco,1
mcas,shell_beach,5,2017,wegu,15
mcas,shell_beach,5,2018,bloy,1
mcas,shell_beach,5,2018,brac,5
mcas,shell_beach,5,2018,brpe,32
mcas,shell_beach,5,2018,casl,0
mcas,shell_beach,5,2018,dcco,1
mcas,shell_beach,5,2018,hase,4
mcas,shell_beach,5,2018,peco,5
mcas,shell_beach,5,2018,unco,0
mcas,shell_beach,5,2018,wegu,21
mcas,shell_beach,5,2019,bloy,1
mcas,shell_beach,5,2019,brac,7
mcas,shell_beach,5,2019,brpe,17
mcas,shell_beach,5,2019,casl,0
mcas,shell_beach,5,2019,dcco,1
mcas,shell_beach,5,2019,hase,1
mcas,shell_beach,5,2019,peco,3
mcas,shell_beach,5,2019,unco,2
mcas,shell_beach,5,2019,wegu,15
mcas,shell_beach,5,2021,bloy,1
mcas,shell_beach,5,2021,brac,2
mcas,shell_beach,5,2021,brpe,28
mcas,shell_beach,5,2021,casl,0
mcas,shell_beach,5,2021,dcco,0
mcas,shell_beach,5,2021,hase,1
mcas,shell_beach,5,2021,peco,5
mcas,shell_beach,5,2021,unco,0
mcas,shell_beach,5,2021,wegu,17
mcas,shell_beach,6,2015,bloy,2
mcas,shell_beach,6,2015,brac,282
mcas,shell_beach,6,2015,brpe,93
mcas,shell_beach,6,2015,casl,0
mcas,shell_beach,6,2015,dcco,2
mcas,shell_beach,6,2015,hase,1
mcas,shell_beach,6,2015,peco,16
mcas,shell_beach,6,2015,unco,2
mcas,shell_beach,6,2015,wegu,26
mcas,shell_beach,6,2016,bloy,1
mcas,shell_beach,6,2016,brac,101
mcas,shell_beach,6,2016,brpe,54
mcas,shell_beach,6,2016,casl,0
mcas,shell_beach,6,2016,dcco,2
mcas,shell_beach,6,2016,hase,2
mcas,shell_beach,6,2016,peco,10
mcas,shell_beach,6,2016,unco,2
mcas,shell_beach,6,2016,wegu,26
mcas,shell_beach,6,2017,bloy,1
mcas,shell_beach,6,2017,brac,205
mcas,shell_beach,6,2017,brpe,119
mcas,shell_beach,6,2017,casl,0
mcas,shell_beach,6,2017,dcco,2
mcas,shell_beach,6,2017,hase,1
mcas,shell_beach,6,2017,peco,9
mcas,shell_beach,6,2017,unco,1
mcas,shell_beach,6,2017,wegu,41
mcas,shell_beach,6,2018,bloy,2
mcas,shell_beach,6,2018,brac,347
mcas,shell_beach,6,2018,brpe,82
mcas,shell_beach,6,2018,casl,0
mcas,shell_beach,6,2018,dcco,9
mcas,shell_beach,6,2018,hase,1
mcas,shell_beach,6,2018,peco,8
mcas,shell_beach,6,2018,unco,15
mcas,shell_beach,6,2018,wegu,24
mcas,shell_beach,6,2019,bloy,2
mcas,shell_beach,6,2019,brac,185
mcas,shell_beach,6,2019,brpe,84
mcas,shell_beach,6,2019,casl,1
mcas,shell_beach,6,2019,dcco,1
mcas,shell_beach,6,2019,hase,2
mcas,shell_beach,6,2019,peco,8
mcas,shell_beach,6,2019,unco,4
mcas,shell_beach,6,2019,wegu,24
mcas,shell_beach,6,2021,bloy,2
mcas,shell_beach,6,2021,brac,357
mcas,shell_beach,6,2021,brpe,159
mcas,shell_beach,6,2021,casl,0
mcas,shell_beach,6,2021,dcco,1
mcas,shell_beach,6,2021,hase,1
mcas,shell_beach,6,2021,peco,19
mcas,shell_beach,6,2021,unco,0
mcas,shell_beach,6,2021,wegu,31
mcas,shell_beach,7,2015,bloy,2
mcas,shell_beach,7,2015,brac,8
mcas,shell_beach,7,2015,brpe,180
mcas,shell_beach,7,2015,casl,0
mcas,shell_beach,7,2015,dcco,7
mcas,shell_beach,7,2015,hase,8
mcas,shell_beach,7,2015,peco,8
mcas,shell_beach,7,2015,unco,0
mcas,shell_beach,7,2015,wegu,31
mcas,shell_beach,7,2016,bloy,2
mcas,shell_beach,7,2016,brac,3
mcas,shell_beach,7,2016,brpe,40
mcas,shell_beach,7,2016,casl,0
mcas,shell_beach,7,2016,dcco,7
mcas,shell_beach,7,2016,hase,7
mcas,shell_beach,7,2016,peco,7
mcas,shell_beach,7,2016,unco,0
mcas,shell_beach,7,2016,wegu,26
mcas,shell_beach,7,2017,bloy,3
mcas,shell_beach,7,2017,brac,42
mcas,shell_beach,7,2017,brpe,148
mcas,shell_beach,7,2017,casl,0
mcas,shell_beach,7,2017,dcco,1
mcas,shell_beach,7,2017,hase,7
mcas,shell_beach,7,2017,peco,9
mcas,shell_beach,7,2017,unco,12
mcas,shell_beach,7,2017,wegu,25
mcas,shell_beach,7,2018,bloy,2
mcas,shell_beach,7,2018,brac,90
mcas,shell_beach,7,2018,brpe,194
mcas,shell_beach,7,2018,casl,1
mcas,shell_beach,7,2018,dcco,3
mcas,shell_beach,7,2018,hase,8
mcas,shell_beach,7,2018,peco,8
mcas,shell_beach,7,2018,unco,1
mcas,shell_beach,7,2018,wegu,40
mcas,shell_beach,7,2019,bloy,1
mcas,shell_beach,7,2019,brac,64
mcas,shell_beach,7,2019,brpe,119
mcas,shell_beach,7,2019,casl,0
mcas,shell_beach,7,2019,dcco,1
mcas,shell_beach,7,2019,hase,3
mcas,shell_beach,7,2019,peco,6
mcas,shell_beach,7,2019,unco,0
mcas,shell_beach,7,2019,wegu,27
mcas,shell_beach,7,2021,bloy,4
mcas,shell_beach,7,2021,brac,26
mcas,shell_beach,7,2021,brpe,143
mcas,shell_beach,7,2021,casl,0
mcas,shell_beach,7,2021,dcco,1
mcas,shell_beach,7,2021,hase,4
mcas,shell_beach,7,2021,peco,5
mcas,shell_beach,7,2021,unco,0
mcas,shell_beach,7,2021,wegu,40
trinidad,trinidad,1,2014,bloy,1
trinidad,trinidad,1,2014,brac,0
trinidad,trinidad,1,2014,brpe,1
trinidad,trinidad,1,2014,casl,0
trinidad,trinidad,1,2014,comu,
trinidad,trinidad,1,2014,dcco,79
trinidad,trinidad,1,2014,hase,1
trinidad,trinidad,1,2014,mamu,
trinidad,trinidad,1,2014,peco,0
trinidad,trinidad,1,2014,pigu,47
trinidad,trinidad,1,2014,rhau,
trinidad,trinidad,1,2014,stsl,0
trinidad,trinidad,1,2014,unco,0
trinidad,trinidad,1,2014,unsl,0
trinidad,trinidad,1,2014,wegu,17
trinidad,trinidad,1,2015,bloy,2
trinidad,trinidad,1,2015,brac,0
trinidad,trinidad,1,2015,brpe,2
trinidad,trinidad,1,2015,casl,0
trinidad,trinidad,1,2015,comu,
trinidad,trinidad,1,2015,dcco,32
trinidad,trinidad,1,2015,hase,1
trinidad,trinidad,1,2015,mamu,
trinidad,trinidad,1,2015,peco,1
trinidad,trinidad,1,2015,pigu,29
trinidad,trinidad,1,2015,rhau,
trinidad,trinidad,1,2015,stsl,0
trinidad,trinidad,1,2015,unco,0
trinidad,trinidad,1,2015,unsl,0
trinidad,trinidad,1,2015,wegu,30
trinidad,trinidad,1,2016,bloy,1
trinidad,trinidad,1,2016,brac,0
trinidad,trinidad,1,2016,brpe,3
trinidad,trinidad,1,2016,casl,0
trinidad,trinidad,1,2016,comu,
trinidad,trinidad,1,2016,dcco,15
trinidad,trinidad,1,2016,hase,0
trinidad,trinidad,1,2016,mamu,
trinidad,trinidad,1,2016,peco,1
trinidad,trinidad,1,2016,pigu,48
trinidad,trinidad,1,2016,rhau,
trinidad,trinidad,1,2016,stsl,0
trinidad,trinidad,1,2016,unco,0
trinidad,trinidad,1,2016,unsl,0
trinidad,trinidad,1,2016,wegu,19
trinidad,trinidad,1,2017,bloy,2
trinidad,trinidad,1,2017,brac,0
trinidad,trinidad,1,2017,brpe,1
trinidad,trinidad,1,2017,casl,0
trinidad,trinidad,1,2017,comu,
trinidad,trinidad,1,2017,dcco,1
trinidad,trinidad,1,2017,hase,0
trinidad,trinidad,1,2017,mamu,0
trinidad,trinidad,1,2017,peco,1
trinidad,trinidad,1,2017,pigu,63
trinidad,trinidad,1,2017,rhau,0
trinidad,trinidad,1,2017,stsl,0
trinidad,trinidad,1,2017,unco,0
trinidad,trinidad,1,2017,unsl,0
trinidad,trinidad,1,2017,wegu,11
trinidad,trinidad,1,2018,bloy,1
trinidad,trinidad,1,2018,brac,0
trinidad,trinidad,1,2018,brpe,0
trinidad,trinidad,1,2018,casl,0
trinidad,trinidad,1,2018,comu,
trinidad,trinidad,1,2018,dcco,1
trinidad,trinidad,1,2018,hase,0
trinidad,trinidad,1,2018,mamu,1
trinidad,trinidad,1,2018,peco,0
trinidad,trinidad,1,2018,pigu,71
trinidad,trinidad,1,2018,rhau,0
trinidad,trinidad,1,2018,stsl,0
trinidad,trinidad,1,2018,unco,0
trinidad,trinidad,1,2018,unsl,0
trinidad,trinidad,1,2018,wegu,15
trinidad,trinidad,1,2019,bloy,3
trinidad,trinidad,1,2019,brac,1
trinidad,trinidad,1,2019,brpe,1
trinidad,trinidad,1,2019,casl,0
trinidad,trinidad,1,2019,comu,1
trinidad,trinidad,1,2019,dcco,2
trinidad,trinidad,1,2019,hase,1
trinidad,trinidad,1,2019,mamu,2
trinidad,trinidad,1,2019,peco,1
trinidad,trinidad,1,2019,pigu,52
trinidad,trinidad,1,2019,rhau,0
trinidad,trinidad,1,2019,stsl,0
trinidad,trinidad,1,2019,unco,1
trinidad,trinidad,1,2019,unsl,0
trinidad,trinidad,1,2019,wegu,23
trinidad,trinidad,1,2020,bloy,2
trinidad,trinidad,1,2020,brac,5
trinidad,trinidad,1,2020,brpe,5
trinidad,trinidad,1,2020,casl,0
trinidad,trinidad,1,2020,comu,0
trinidad,trinidad,1,2020,dcco,9
trinidad,trinidad,1,2020,hase,0
trinidad,trinidad,1,2020,mamu,0
trinidad,trinidad,1,2020,peco,1
trinidad,trinidad,1,2020,pigu,50
trinidad,trinidad,1,2020,rhau,1
trinidad,trinidad,1,2020,stsl,2
trinidad,trinidad,1,2020,unco,1
trinidad,trinidad,1,2020,unsl,0
trinidad,trinidad,1,2020,wegu,33
trinidad,trinidad,1,2021,bloy,3
trinidad,trinidad,1,2021,brac,0
trinidad,trinidad,1,2021,brpe,1
trinidad,trinidad,1,2021,casl,0
trinidad,trinidad,1,2021,comu,0
trinidad,trinidad,1,2021,dcco,1
trinidad,trinidad,1,2021,hase,0
trinidad,trinidad,1,2021,mamu,1
trinidad,trinidad,1,2021,peco,1
trinidad,trinidad,1,2021,pigu,43
trinidad,trinidad,1,2021,rhau,1
trinidad,trinidad,1,2021,stsl,0
trinidad,trinidad,1,2021,unco,1
trinidad,trinidad,1,2021,unsl,0
trinidad,trinidad,1,2021,wegu,28
trinidad,trinidad,2,2014,bloy,1
trinidad,trinidad,2,2014,brac,1
trinidad,trinidad,2,2014,brpe,1
trinidad,trinidad,2,2014,casl,0
trinidad,trinidad,2,2014,comu,
trinidad,trinidad,2,2014,dcco,6
trinidad,trinidad,2,2014,hase,1
trinidad,trinidad,2,2014,mamu,
trinidad,trinidad,2,2014,peco,1
trinidad,trinidad,2,2014,pigu,41
trinidad,trinidad,2,2014,rhau,
trinidad,trinidad,2,2014,stsl,0
trinidad,trinidad,2,2014,unco,0
trinidad,trinidad,2,2014,unsl,0
trinidad,trinidad,2,2014,wegu,17
trinidad,trinidad,2,2015,bloy,2
trinidad,trinidad,2,2015,brac,0
trinidad,trinidad,2,2015,brpe,2
trinidad,trinidad,2,2015,casl,0
trinidad,trinidad,2,2015,comu,
trinidad,trinidad,2,2015,dcco,13
trinidad,trinidad,2,2015,hase,0
trinidad,trinidad,2,2015,mamu,
trinidad,trinidad,2,2015,peco,2
trinidad,trinidad,2,2015,pigu,37
trinidad,trinidad,2,2015,rhau,
trinidad,trinidad,2,2015,stsl,0
trinidad,trinidad,2,2015,unco,0
trinidad,trinidad,2,2015,unsl,0
trinidad,trinidad,2,2015,wegu,22
trinidad,trinidad,2,2016,bloy,3
trinidad,trinidad,2,2016,brac,1
trinidad,trinidad,2,2016,brpe,2
trinidad,trinidad,2,2016,casl,0
trinidad,trinidad,2,2016,comu,
trinidad,trinidad,2,2016,dcco,14
trinidad,trinidad,2,2016,hase,0
trinidad,trinidad,2,2016,mamu,
trinidad,trinidad,2,2016,peco,7
trinidad,trinidad,2,2016,pigu,35
trinidad,trinidad,2,2016,rhau,
trinidad,trinidad,2,2016,stsl,0
trinidad,trinidad,2,2016,unco,0
trinidad,trinidad,2,2016,unsl,0
trinidad,trinidad,2,2016,wegu,29
trinidad,trinidad,2,2017,bloy,3
trinidad,trinidad,2,2017,brac,1
trinidad,trinidad,2,2017,brpe,3
trinidad,trinidad,2,2017,casl,0
trinidad,trinidad,2,2017,comu,
trinidad,trinidad,2,2017,dcco,10
trinidad,trinidad,2,2017,hase,1
trinidad,trinidad,2,2017,mamu,1
trinidad,trinidad,2,2017,peco,2
trinidad,trinidad,2,2017,pigu,43
trinidad,trinidad,2,2017,rhau,1
trinidad,trinidad,2,2017,stsl,0
trinidad,trinidad,2,2017,unco,0
trinidad,trinidad,2,2017,unsl,0
trinidad,trinidad,2,2017,wegu,24
trinidad,trinidad,2,2018,bloy,2
trinidad,trinidad,2,2018,brac,1
trinidad,trinidad,2,2018,brpe,2
trinidad,trinidad,2,2018,casl,0
trinidad,trinidad,2,2018,comu,
trinidad,trinidad,2,2018,dcco,7
trinidad,trinidad,2,2018,hase,0
trinidad,trinidad,2,2018,mamu,1
trinidad,trinidad,2,2018,peco,5
trinidad,trinidad,2,2018,pigu,59
trinidad,trinidad,2,2018,rhau,1
trinidad,trinidad,2,2018,stsl,0
trinidad,trinidad,2,2018,unco,0
trinidad,trinidad,2,2018,unsl,0
trinidad,trinidad,2,2018,wegu,31
trinidad,trinidad,2,2019,bloy,3
trinidad,trinidad,2,2019,brac,2
trinidad,trinidad,2,2019,brpe,2
trinidad,trinidad,2,2019,casl,0
trinidad,trinidad,2,2019,comu,1
trinidad,trinidad,2,2019,dcco,4
trinidad,trinidad,2,2019,hase,0
trinidad,trinidad,2,2019,mamu,1
trinidad,trinidad,2,2019,peco,5
trinidad,trinidad,2,2019,pigu,70
trinidad,trinidad,2,2019,rhau,1
trinidad,trinidad,2,2019,stsl,0
trinidad,trinidad,2,2019,unco,4
trinidad,trinidad,2,2019,unsl,0
trinidad,trinidad,2,2019,wegu,32
trinidad,trinidad,2,2020,bloy,3
trinidad,trinidad,2,2020,brac,9
trinidad,trinidad,2,2020,brpe,9
trinidad,trinidad,2,2020,casl,0
trinidad,trinidad,2,2020,comu,0
trinidad,trinidad,2,2020,dcco,18
trinidad,trinidad,2,2020,hase,0
trinidad,trinidad,2,2020,mamu,1
trinidad,trinidad,2,2020,peco,3
trinidad,trinidad,2,2020,pigu,66
trinidad,trinidad,2,2020,rhau,1
trinidad,trinidad,2,2020,stsl,0
trinidad,trinidad,2,2020,unco,2
trinidad,trinidad,2,2020,unsl,0
trinidad,trinidad,2,2020,wegu,47
trinidad,trinidad,2,2021,bloy,2
trinidad,trinidad,2,2021,brac,3
trinidad,trinidad,2,2021,brpe,4
trinidad,trinidad,2,2021,casl,0
trinidad,trinidad,2,2021,comu,0
trinidad,trinidad,2,2021,dcco,10
trinidad,trinidad,2,2021,hase,1
trinidad,trinidad,2,2021,mamu,1
trinidad,trinidad,2,2021,peco,2
trinidad,trinidad,2,2021,pigu,46
trinidad,trinidad,2,2021,rhau,0
trinidad,trinidad,2,2021,stsl,0
trinidad,trinidad,2,2021,unco,4
trinidad,trinidad,2,2021,unsl,0
trinidad,trinidad,2,2021,wegu,31
trinidad,trinidad,3,2014,bloy,1
trinidad,trinidad,3,2014,brac,3
trinidad,trinidad,3,2014,brpe,1
trinidad,trinidad,3,2014,casl,0
trinidad,trinidad,3,2014,comu,
trinidad,trinidad,3,2014,dcco,2
trinidad,trinidad,3,2014,hase,2
trinidad,trinidad,3,2014,mamu,
trinidad,trinidad,3,2014,peco,1
trinidad,trinidad,3,2014,pigu,18
trinidad,trinidad,3,2014,rhau,
trinidad,trinidad,3,2014,stsl,0
trinidad,trinidad,3,2014,unco,0
trinidad,trinidad,3,2014,unsl,0
trinidad,trinidad,3,2014,wegu,3
trinidad,trinidad,3,2015,bloy,1
trinidad,trinidad,3,2015,brac,0
trinidad,trinidad,3,2015,brpe,1
trinidad,trinidad,3,2015,casl,0
trinidad,trinidad,3,2015,comu,
trinidad,trinidad,3,2015,dcco,1
trinidad,trinidad,3,2015,hase,0
trinidad,trinidad,3,2015,mamu,
trinidad,trinidad,3,2015,peco,1
trinidad,trinidad,3,2015,pigu,13
trinidad,trinidad,3,2015,rhau,
trinidad,trinidad,3,2015,stsl,0
trinidad,trinidad,3,2015,unco,0
trinidad,trinidad,3,2015,unsl,0
trinidad,trinidad,3,2015,wegu,2
trinidad,trinidad,3,2016,bloy,1
trinidad,trinidad,3,2016,brac,1
trinidad,trinidad,3,2016,brpe,1
trinidad,trinidad,3,2016,casl,0
trinidad,trinidad,3,2016,comu,
trinidad,trinidad,3,2016,dcco,1
trinidad,trinidad,3,2016,hase,0
trinidad,trinidad,3,2016,mamu,
trinidad,trinidad,3,2016,peco,2
trinidad,trinidad,3,2016,pigu,41
trinidad,trinidad,3,2016,rhau,
trinidad,trinidad,3,2016,stsl,0
trinidad,trinidad,3,2016,unco,0
trinidad,trinidad,3,2016,unsl,0
trinidad,trinidad,3,2016,wegu,2
trinidad,trinidad,3,2017,bloy,2
trinidad,trinidad,3,2017,brac,1
trinidad,trinidad,3,2017,brpe,1
trinidad,trinidad,3,2017,casl,0
trinidad,trinidad,3,2017,comu,
trinidad,trinidad,3,2017,dcco,1
trinidad,trinidad,3,2017,hase,2
trinidad,trinidad,3,2017,mamu,1
trinidad,trinidad,3,2017,peco,1
trinidad,trinidad,3,2017,pigu,22
trinidad,trinidad,3,2017,rhau,0
trinidad,trinidad,3,2017,stsl,0
trinidad,trinidad,3,2017,unco,0
trinidad,trinidad,3,2017,unsl,0
trinidad,trinidad,3,2017,wegu,3
trinidad,trinidad,3,2018,bloy,1
trinidad,trinidad,3,2018,brac,1
trinidad,trinidad,3,2018,brpe,0
trinidad,trinidad,3,2018,casl,0
trinidad,trinidad,3,2018,comu,
trinidad,trinidad,3,2018,dcco,1
trinidad,trinidad,3,2018,hase,1
trinidad,trinidad,3,2018,mamu,0
trinidad,trinidad,3,2018,peco,1
trinidad,trinidad,3,2018,pigu,36
trinidad,trinidad,3,2018,rhau,0
trinidad,trinidad,3,2018,stsl,0
trinidad,trinidad,3,2018,unco,0
trinidad,trinidad,3,2018,unsl,0
trinidad,trinidad,3,2018,wegu,2
trinidad,trinidad,3,2019,bloy,2
trinidad,trinidad,3,2019,brac,3
trinidad,trinidad,3,2019,brpe,1
trinidad,trinidad,3,2019,casl,0
trinidad,trinidad,3,2019,comu,1
trinidad,trinidad,3,2019,dcco,2
trinidad,trinidad,3,2019,hase,1
trinidad,trinidad,3,2019,mamu,1
trinidad,trinidad,3,2019,peco,4
trinidad,trinidad,3,2019,pigu,6
trinidad,trinidad,3,2019,rhau,0
trinidad,trinidad,3,2019,stsl,0
trinidad,trinidad,3,2019,unco,1
trinidad,trinidad,3,2019,unsl,0
trinidad,trinidad,3,2019,wegu,2
trinidad,trinidad,3,2020,bloy,2
trinidad,trinidad,3,2020,brac,6
trinidad,trinidad,3,2020,brpe,0
trinidad,trinidad,3,2020,casl,0
trinidad,trinidad,3,2020,comu,1
trinidad,trinidad,3,2020,dcco,3
trinidad,trinidad,3,2020,hase,1
trinidad,trinidad,3,2020,mamu,1
trinidad,trinidad,3,2020,peco,3
trinidad,trinidad,3,2020,pigu,14
trinidad,trinidad,3,2020,rhau,0
trinidad,trinidad,3,2020,stsl,0
trinidad,trinidad,3,2020,unco,0
trinidad,trinidad,3,2020,unsl,0
trinidad,trinidad,3,2020,wegu,2
trinidad,trinidad,3,2021,bloy,2
trinidad,trinidad,3,2021,brac,2
trinidad,trinidad,3,2021,brpe,0
trinidad,trinidad,3,2021,casl,0
trinidad,trinidad,3,2021,comu,0
trinidad,trinidad,3,2021,dcco,2
trinidad,trinidad,3,2021,hase,0
trinidad,trinidad,3,2021,mamu,0
trinidad,trinidad,3,2021,peco,4
trinidad,trinidad,3,2021,pigu,45
trinidad,trinidad,3,2021,rhau,0
trinidad,trinidad,3,2021,stsl,0
trinidad,trinidad,3,2021,unco,2
trinidad,trinidad,3,2021,unsl,0
trinidad,trinidad,3,2021,wegu,2
trinidad,trinidad,4,2014,bloy,1
trinidad,trinidad,4,2014,brac,1
trinidad,trinidad,4,2014,brpe,0
trinidad,trinidad,4,2014,casl,0
trinidad,trinidad,4,2014,comu,
trinidad,trinidad,4,2014,dcco,1
trinidad,trinidad,4,2014,hase,1
trinidad,trinidad,4,2014,mamu,
trinidad,trinidad,4,2014,peco,1
trinidad,trinidad,4,2014,pigu,12
trinidad,trinidad,4,2014,rhau,
trinidad,trinidad,4,2014,stsl,0
trinidad,trinidad,4,2014,unco,0
trinidad,trinidad,4,2014,unsl,0
trinidad,trinidad,4,2014,wegu,10
trinidad,trinidad,4,2015,bloy,1
trinidad,trinidad,4,2015,brac,0
trinidad,trinidad,4,2015,brpe,0
trinidad,trinidad,4,2015,casl,0
trinidad,trinidad,4,2015,comu,
trinidad,trinidad,4,2015,dcco,1
trinidad,trinidad,4,2015,hase,1
trinidad,trinidad,4,2015,mamu,
trinidad,trinidad,4,2015,peco,1
trinidad,trinidad,4,2015,pigu,9
trinidad,trinidad,4,2015,rhau,
trinidad,trinidad,4,2015,stsl,0
trinidad,trinidad,4,2015,unco,0
trinidad,trinidad,4,2015,unsl,0
trinidad,trinidad,4,2015,wegu,10
trinidad,trinidad,4,2016,bloy,1
trinidad,trinidad,4,2016,brac,0
trinidad,trinidad,4,2016,brpe,1
trinidad,trinidad,4,2016,casl,0
trinidad,trinidad,4,2016,comu,
trinidad,trinidad,4,2016,dcco,1
trinidad,trinidad,4,2016,hase,1
trinidad,trinidad,4,2016,mamu,
trinidad,trinidad,4,2016,peco,1
trinidad,trinidad,4,2016,pigu,6
trinidad,trinidad,4,2016,rhau,
trinidad,trinidad,4,2016,stsl,0
trinidad,trinidad,4,2016,unco,0
trinidad,trinidad,4,2016,unsl,0
trinidad,trinidad,4,2016,wegu,10
trinidad,trinidad,4,2017,bloy,2
trinidad,trinidad,4,2017,brac,1
trinidad,trinidad,4,2017,brpe,1
trinidad,trinidad,4,2017,casl,0
trinidad,trinidad,4,2017,comu,
trinidad,trinidad,4,2017,dcco,1
trinidad,trinidad,4,2017,hase,1
trinidad,trinidad,4,2017,mamu,1
trinidad,trinidad,4,2017,peco,1
trinidad,trinidad,4,2017,pigu,12
trinidad,trinidad,4,2017,rhau,0
trinidad,trinidad,4,2017,stsl,0
trinidad,trinidad,4,2017,unco,0
trinidad,trinidad,4,2017,unsl,0
trinidad,trinidad,4,2017,wegu,8
trinidad,trinidad,4,2018,bloy,1
trinidad,trinidad,4,2018,brac,1
trinidad,trinidad,4,2018,brpe,0
trinidad,trinidad,4,2018,casl,0
trinidad,trinidad,4,2018,comu,
trinidad,trinidad,4,2018,dcco,1
trinidad,trinidad,4,2018,hase,0
trinidad,trinidad,4,2018,mamu,2
trinidad,trinidad,4,2018,peco,1
trinidad,trinidad,4,2018,pigu,23
trinidad,trinidad,4,2018,rhau,0
trinidad,trinidad,4,2018,stsl,0
trinidad,trinidad,4,2018,unco,0
trinidad,trinidad,4,2018,unsl,0
trinidad,trinidad,4,2018,wegu,10
trinidad,trinidad,4,2019,bloy,2
trinidad,trinidad,4,2019,brac,2
trinidad,trinidad,4,2019,brpe,1
trinidad,trinidad,4,2019,casl,0
trinidad,trinidad,4,2019,comu,1
trinidad,trinidad,4,2019,dcco,2
trinidad,trinidad,4,2019,hase,5
trinidad,trinidad,4,2019,mamu,1
trinidad,trinidad,4,2019,peco,2
trinidad,trinidad,4,2019,pigu,130
trinidad,trinidad,4,2019,rhau,1
trinidad,trinidad,4,2019,stsl,0
trinidad,trinidad,4,2019,unco,1
trinidad,trinidad,4,2019,unsl,0
trinidad,trinidad,4,2019,wegu,38
trinidad,trinidad,4,2020,bloy,2
trinidad,trinidad,4,2020,brac,1
trinidad,trinidad,4,2020,brpe,1
trinidad,trinidad,4,2020,casl,0
trinidad,trinidad,4,2020,comu,1
trinidad,trinidad,4,2020,dcco,1
trinidad,trinidad,4,2020,hase,6
trinidad,trinidad,4,2020,mamu,0
trinidad,trinidad,4,2020,peco,1
trinidad,trinidad,4,2020,pigu,70
trinidad,trinidad,4,2020,rhau,0
trinidad,trinidad,4,2020,stsl,0
trinidad,trinidad,4,2020,unco,0
trinidad,trinidad,4,2020,unsl,0
trinidad,trinidad,4,2020,wegu,36
trinidad,trinidad,4,2021,bloy,3
trinidad,trinidad,4,2021,brac,1
trinidad,trinidad,4,2021,brpe,1
trinidad,trinidad,4,2021,casl,0
trinidad,trinidad,4,2021,comu,0
trinidad,trinidad,4,2021,dcco,2
trinidad,trinidad,4,2021,hase,5
trinidad,trinidad,4,2021,mamu,1
trinidad,trinidad,4,2021,peco,2
trinidad,trinidad,4,2021,pigu,65
trinidad,trinidad,4,2021,rhau,0
trinidad,trinidad,4,2021,stsl,0
trinidad,trinidad,4,2021,unco,2
trinidad,trinidad,4,2021,unsl,0
trinidad,trinidad,4,2021,wegu,30
trinidad,trinidad,5,2014,bloy,1
trinidad,trinidad,5,2014,brac,1
trinidad,trinidad,5,2014,brpe,1
trinidad,trinidad,5,2014,casl,1
trinidad,trinidad,5,2014,comu,
trinidad,trinidad,5,2014,dcco,2
trinidad,trinidad,5,2014,hase,9
trinidad,trinidad,5,2014,mamu,
trinidad,trinidad,5,2014,peco,1
trinidad,trinidad,5,2014,pigu,40
trinidad,trinidad,5,2014,rhau,
trinidad,trinidad,5,2014,stsl,1
trinidad,trinidad,5,2014,unco,0
trinidad,trinidad,5,2014,unsl,0
trinidad,trinidad,5,2014,wegu,41
trinidad,trinidad,5,2015,bloy,1
trinidad,trinidad,5,2015,brac,1
trinidad,trinidad,5,2015,brpe,2
trinidad,trinidad,5,2015,casl,1
trinidad,trinidad,5,2015,comu,
trinidad,trinidad,5,2015,dcco,5
trinidad,trinidad,5,2015,hase,6
trinidad,trinidad,5,2015,mamu,
trinidad,trinidad,5,2015,peco,6
trinidad,trinidad,5,2015,pigu,37
trinidad,trinidad,5,2015,rhau,
trinidad,trinidad,5,2015,stsl,0
trinidad,trinidad,5,2015,unco,0
trinidad,trinidad,5,2015,unsl,0
trinidad,trinidad,5,2015,wegu,58
trinidad,trinidad,5,2016,bloy,1
trinidad,trinidad,5,2016,brac,1
trinidad,trinidad,5,2016,brpe,1
trinidad,trinidad,5,2016,casl,0
trinidad,trinidad,5,2016,comu,
trinidad,trinidad,5,2016,dcco,2
trinidad,trinidad,5,2016,hase,9
trinidad,trinidad,5,2016,mamu,
trinidad,trinidad,5,2016,peco,1
trinidad,trinidad,5,2016,pigu,53
trinidad,trinidad,5,2016,rhau,
trinidad,trinidad,5,2016,stsl,0
trinidad,trinidad,5,2016,unco,0
trinidad,trinidad,5,2016,unsl,0
trinidad,trinidad,5,2016,wegu,54
trinidad,trinidad,5,2017,bloy,2
trinidad,trinidad,5,2017,brac,1
trinidad,trinidad,5,2017,brpe,1
trinidad,trinidad,5,2017,casl,0
trinidad,trinidad,5,2017,comu,
trinidad,trinidad,5,2017,dcco,2
trinidad,trinidad,5,2017,hase,5
trinidad,trinidad,5,2017,mamu,1
trinidad,trinidad,5,2017,peco,2
trinidad,trinidad,5,2017,pigu,69
trinidad,trinidad,5,2017,rhau,0
trinidad,trinidad,5,2017,stsl,0
trinidad,trinidad,5,2017,unco,0
trinidad,trinidad,5,2017,unsl,0
trinidad,trinidad,5,2017,wegu,50
trinidad,trinidad,5,2018,bloy,2
trinidad,trinidad,5,2018,brac,1
trinidad,trinidad,5,2018,brpe,1
trinidad,trinidad,5,2018,casl,0
trinidad,trinidad,5,2018,comu,
trinidad,trinidad,5,2018,dcco,3
trinidad,trinidad,5,2018,hase,7
trinidad,trinidad,5,2018,mamu,0
trinidad,trinidad,5,2018,peco,1
trinidad,trinidad,5,2018,pigu,89
trinidad,trinidad,5,2018,rhau,0
trinidad,trinidad,5,2018,stsl,0
trinidad,trinidad,5,2018,unco,0
trinidad,trinidad,5,2018,unsl,0
trinidad,trinidad,5,2018,wegu,55
trinidad,trinidad,5,2019,bloy,2
trinidad,trinidad,5,2019,brac,3
trinidad,trinidad,5,2019,brpe,1
trinidad,trinidad,5,2019,casl,5
trinidad,trinidad,5,2019,comu,0
trinidad,trinidad,5,2019,dcco,2
trinidad,trinidad,5,2019,hase,3
trinidad,trinidad,5,2019,mamu,1
trinidad,trinidad,5,2019,peco,11
trinidad,trinidad,5,2019,pigu,4
trinidad,trinidad,5,2019,rhau,0
trinidad,trinidad,5,2019,stsl,0
trinidad,trinidad,5,2019,unco,2
trinidad,trinidad,5,2019,unsl,1
trinidad,trinidad,5,2019,wegu,7
trinidad,trinidad,5,2020,bloy,2
trinidad,trinidad,5,2020,brac,2
trinidad,trinidad,5,2020,brpe,6
trinidad,trinidad,5,2020,casl,8
trinidad,trinidad,5,2020,comu,0
trinidad,trinidad,5,2020,dcco,0
trinidad,trinidad,5,2020,hase,2
trinidad,trinidad,5,2020,mamu,0
trinidad,trinidad,5,2020,peco,26
trinidad,trinidad,5,2020,pigu,11
trinidad,trinidad,5,2020,rhau,0
trinidad,trinidad,5,2020,stsl,2
trinidad,trinidad,5,2020,unco,1
trinidad,trinidad,5,2020,unsl,0
trinidad,trinidad,5,2020,wegu,7
trinidad,trinidad,5,2021,bloy,2
trinidad,trinidad,5,2021,brac,2
trinidad,trinidad,5,2021,brpe,1
trinidad,trinidad,5,2021,casl,2
trinidad,trinidad,5,2021,comu,0
trinidad,trinidad,5,2021,dcco,1
trinidad,trinidad,5,2021,hase,2
trinidad,trinidad,5,2021,mamu,0
trinidad,trinidad,5,2021,peco,4
trinidad,trinidad,5,2021,pigu,13
trinidad,trinidad,5,2021,rhau,0
trinidad,trinidad,5,2021,stsl,1
trinidad,trinidad,5,2021,unco,3
trinidad,trinidad,5,2021,unsl,2
trinidad,trinidad,5,2021,wegu,6
trinidad,trinidad,6,2014,bloy,1
trinidad,trinidad,6,2014,brac,0
trinidad,trinidad,6,2014,brpe,2
trinidad,trinidad,6,2014,casl,6
trinidad,trinidad,6,2014,comu,
trinidad,trinidad,6,2014,dcco,1
trinidad,trinidad,6,2014,hase,1
trinidad,trinidad,6,2014,mamu,
trinidad,trinidad,6,2014,peco,33
trinidad,trinidad,6,2014,pigu,3
trinidad,trinidad,6,2014,rhau,
trinidad,trinidad,6,2014,stsl,15
trinidad,trinidad,6,2014,unco,0
trinidad,trinidad,6,2014,unsl,6
trinidad,trinidad,6,2014,wegu,12
trinidad,trinidad,6,2015,bloy,1
trinidad,trinidad,6,2015,brac,1
trinidad,trinidad,6,2015,brpe,1
trinidad,trinidad,6,2015,casl,25
trinidad,trinidad,6,2015,comu,
trinidad,trinidad,6,2015,dcco,1
trinidad,trinidad,6,2015,hase,6
trinidad,trinidad,6,2015,mamu,
trinidad,trinidad,6,2015,peco,24
trinidad,trinidad,6,2015,pigu,3
trinidad,trinidad,6,2015,rhau,
trinidad,trinidad,6,2015,stsl,1
trinidad,trinidad,6,2015,unco,0
trinidad,trinidad,6,2015,unsl,0
trinidad,trinidad,6,2015,wegu,12
trinidad,trinidad,6,2016,bloy,1
trinidad,trinidad,6,2016,brac,1
trinidad,trinidad,6,2016,brpe,1
trinidad,trinidad,6,2016,casl,6
trinidad,trinidad,6,2016,comu,
trinidad,trinidad,6,2016,dcco,1
trinidad,trinidad,6,2016,hase,1
trinidad,trinidad,6,2016,mamu,
trinidad,trinidad,6,2016,peco,25
trinidad,trinidad,6,2016,pigu,4
trinidad,trinidad,6,2016,rhau,
trinidad,trinidad,6,2016,stsl,1
trinidad,trinidad,6,2016,unco,0
trinidad,trinidad,6,2016,unsl,0
trinidad,trinidad,6,2016,wegu,7
trinidad,trinidad,6,2017,bloy,1
trinidad,trinidad,6,2017,brac,2
trinidad,trinidad,6,2017,brpe,1
trinidad,trinidad,6,2017,casl,2
trinidad,trinidad,6,2017,comu,
trinidad,trinidad,6,2017,dcco,1
trinidad,trinidad,6,2017,hase,1
trinidad,trinidad,6,2017,mamu,0
trinidad,trinidad,6,2017,peco,23
trinidad,trinidad,6,2017,pigu,4
trinidad,trinidad,6,2017,rhau,0
trinidad,trinidad,6,2017,stsl,0
trinidad,trinidad,6,2017,unco,0
trinidad,trinidad,6,2017,unsl,0
trinidad,trinidad,6,2017,wegu,6
trinidad,trinidad,6,2018,bloy,1
trinidad,trinidad,6,2018,brac,1
trinidad,trinidad,6,2018,brpe,1
trinidad,trinidad,6,2018,casl,6
trinidad,trinidad,6,2018,comu,
trinidad,trinidad,6,2018,dcco,0
trinidad,trinidad,6,2018,hase,2
trinidad,trinidad,6,2018,mamu,0
trinidad,trinidad,6,2018,peco,14
trinidad,trinidad,6,2018,pigu,4
trinidad,trinidad,6,2018,rhau,0
trinidad,trinidad,6,2018,stsl,1
trinidad,trinidad,6,2018,unco,0
trinidad,trinidad,6,2018,unsl,0
trinidad,trinidad,6,2018,wegu,7
trinidad,trinidad,6,2019,bloy,2
trinidad,trinidad,6,2019,brac,3
trinidad,trinidad,6,2019,brpe,1
trinidad,trinidad,6,2019,casl,23
trinidad,trinidad,6,2019,comu,0
trinidad,trinidad,6,2019,dcco,0
trinidad,trinidad,6,2019,hase,0
trinidad,trinidad,6,2019,mamu,1
trinidad,trinidad,6,2019,peco,5
trinidad,trinidad,6,2019,pigu,8
trinidad,trinidad,6,2019,rhau,0
trinidad,trinidad,6,2019,stsl,33
trinidad,trinidad,6,2019,unco,2
trinidad,trinidad,6,2019,unsl,15
trinidad,trinidad,6,2019,wegu,2
trinidad,trinidad,6,2020,bloy,2
trinidad,trinidad,6,2020,brac,1
trinidad,trinidad,6,2020,brpe,1
trinidad,trinidad,6,2020,casl,32
trinidad,trinidad,6,2020,comu,0
trinidad,trinidad,6,2020,dcco,0
trinidad,trinidad,6,2020,hase,1
trinidad,trinidad,6,2020,mamu,0
trinidad,trinidad,6,2020,peco,1
trinidad,trinidad,6,2020,pigu,10
trinidad,trinidad,6,2020,rhau,0
trinidad,trinidad,6,2020,stsl,45
trinidad,trinidad,6,2020,unco,1
trinidad,trinidad,6,2020,unsl,6
trinidad,trinidad,6,2020,wegu,3
trinidad,trinidad,6,2021,bloy,2
trinidad,trinidad,6,2021,brac,2
trinidad,trinidad,6,2021,brpe,1
trinidad,trinidad,6,2021,casl,14
trinidad,trinidad,6,2021,comu,0
trinidad,trinidad,6,2021,dcco,1
trinidad,trinidad,6,2021,hase,1
trinidad,trinidad,6,2021,mamu,1
trinidad,trinidad,6,2021,peco,2
trinidad,trinidad,6,2021,pigu,10
trinidad,trinidad,6,2021,rhau,0
trinidad,trinidad,6,2021,stsl,49
trinidad,trinidad,6,2021,unco,2
trinidad,trinidad,6,2021,unsl,9
trinidad,trinidad,6,2021,wegu,2
trinidad,trinidad,7,2014,bloy,1
trinidad,trinidad,7,2014,brac,4
trinidad,trinidad,7,2014,brpe,2
trinidad,trinidad,7,2014,casl,18
trinidad,trinidad,7,2014,comu,
trinidad,trinidad,7,2014,dcco,17
trinidad,trinidad,7,2014,hase,29
trinidad,trinidad,7,2014,mamu,
trinidad,trinidad,7,2014,peco,9
trinidad,trinidad,7,2014,pigu,28
trinidad,trinidad,7,2014,rhau,
trinidad,trinidad,7,2014,stsl,57
trinidad,trinidad,7,2014,unco,0
trinidad,trinidad,7,2014,unsl,27
trinidad,trinidad,7,2014,wegu,23
trinidad,trinidad,7,2015,bloy,1
trinidad,trinidad,7,2015,brac,3
trinidad,trinidad,7,2015,brpe,11
trinidad,trinidad,7,2015,casl,33
trinidad,trinidad,7,2015,comu,
trinidad,trinidad,7,2015,dcco,13
trinidad,trinidad,7,2015,hase,37
trinidad,trinidad,7,2015,mamu,
trinidad,trinidad,7,2015,peco,12
trinidad,trinidad,7,2015,pigu,25
trinidad,trinidad,7,2015,rhau,
trinidad,trinidad,7,2015,stsl,1
trinidad,trinidad,7,2015,unco,0
trinidad,trinidad,7,2015,unsl,5
trinidad,trinidad,7,2015,wegu,43
trinidad,trinidad,7,2016,bloy,1
trinidad,trinidad,7,2016,brac,0
trinidad,trinidad,7,2016,brpe,0
trinidad,trinidad,7,2016,casl,46
trinidad,trinidad,7,2016,comu,
trinidad,trinidad,7,2016,dcco,0
trinidad,trinidad,7,2016,hase,0
trinidad,trinidad,7,2016,mamu,
trinidad,trinidad,7,2016,peco,2
trinidad,trinidad,7,2016,pigu,9
trinidad,trinidad,7,2016,rhau,
trinidad,trinidad,7,2016,stsl,15
trinidad,trinidad,7,2016,unco,0
trinidad,trinidad,7,2016,unsl,0
trinidad,trinidad,7,2016,wegu,2
trinidad,trinidad,7,2017,bloy,1
trinidad,trinidad,7,2017,brac,1
trinidad,trinidad,7,2017,brpe,1
trinidad,trinidad,7,2017,casl,31
trinidad,trinidad,7,2017,comu,
trinidad,trinidad,7,2017,dcco,0
trinidad,trinidad,7,2017,hase,1
trinidad,trinidad,7,2017,mamu,0
trinidad,trinidad,7,2017,peco,3
trinidad,trinidad,7,2017,pigu,2
trinidad,trinidad,7,2017,rhau,0
trinidad,trinidad,7,2017,stsl,24
trinidad,trinidad,7,2017,unco,0
trinidad,trinidad,7,2017,unsl,0
trinidad,trinidad,7,2017,wegu,3
trinidad,trinidad,7,2018,bloy,1
trinidad,trinidad,7,2018,brac,0
trinidad,trinidad,7,2018,brpe,0
trinidad,trinidad,7,2018,casl,29
trinidad,trinidad,7,2018,comu,
trinidad,trinidad,7,2018,dcco,0
trinidad,trinidad,7,2018,hase,1
trinidad,trinidad,7,2018,mamu,0
trinidad,trinidad,7,2018,peco,1
trinidad,trinidad,7,2018,pigu,11
trinidad,trinidad,7,2018,rhau,0
trinidad,trinidad,7,2018,stsl,31
trinidad,trinidad,7,2018,unco,0
trinidad,trinidad,7,2018,unsl,3
trinidad,trinidad,7,2018,wegu,2
trinidad,trinidad,7,2019,bloy,1
trinidad,trinidad,7,2019,brac,5
trinidad,trinidad,7,2019,brpe,1
trinidad,trinidad,7,2019,casl,1
trinidad,trinidad,7,2019,comu,7
trinidad,trinidad,7,2019,dcco,1
trinidad,trinidad,7,2019,hase,0
trinidad,trinidad,7,2019,mamu,1
trinidad,trinidad,7,2019,peco,7
trinidad,trinidad,7,2019,pigu,58
trinidad,trinidad,7,2019,rhau,0
trinidad,trinidad,7,2019,stsl,0
trinidad,trinidad,7,2019,unco,2
trinidad,trinidad,7,2019,unsl,0
trinidad,trinidad,7,2019,wegu,2
trinidad,trinidad,7,2020,bloy,1
trinidad,trinidad,7,2020,brac,4
trinidad,trinidad,7,2020,brpe,4
trinidad,trinidad,7,2020,casl,0
trinidad,trinidad,7,2020,comu,0
trinidad,trinidad,7,2020,dcco,1
trinidad,trinidad,7,2020,hase,0
trinidad,trinidad,7,2020,mamu,0
trinidad,trinidad,7,2020,peco,5
trinidad,trinidad,7,2020,pigu,54
trinidad,trinidad,7,2020,rhau,0
trinidad,trinidad,7,2020,stsl,0
trinidad,trinidad,7,2020,unco,0
trinidad,trinidad,7,2020,unsl,0
trinidad,trinidad,7,2020,wegu,3
trinidad,trinidad,7,2021,bloy,1
trinidad,trinidad,7,2021,brac,4
trinidad,trinidad,7,2021,brpe,1
trinidad,trinidad,7,2021,casl,0
trinidad,trinidad,7,2021,comu,0
trinidad,trinidad,7,2021,dcco,2
trinidad,trinidad,7,2021,hase,0
trinidad,trinidad,7,2021,mamu,0
trinidad,trinidad,7,2021,peco,8
trinidad,trinidad,7,2021,pigu,42
trinidad,trinidad,7,2021,rhau,0
trinidad,trinidad,7,2021,stsl,0
trinidad,trinidad,7,2021,unco,4
trinidad,trinidad,7,2021,unsl,0
trinidad,trinidad,7,2021,wegu,1
trinidad,trinidad,8,2014,bloy,
trinidad,trinidad,8,2014,brac,
trinidad,trinidad,8,2014,brpe,
trinidad,trinidad,8,2014,casl,
trinidad,trinidad,8,2014,comu,
trinidad,trinidad,8,2014,dcco,
trinidad,trinidad,8,2014,hase,
trinidad,trinidad,8,2014,mamu,
trinidad,trinidad,8,2014,peco,
trinidad,trinidad,8,2014,pigu,
trinidad,trinidad,8,2014,rhau,
trinidad,trinidad,8,2014,stsl,
trinidad,trinidad,8,2014,unco,
trinidad,trinidad,8,2014,unsl,
trinidad,trinidad,8,2014,wegu,
trinidad,trinidad,8,2015,bloy,
trinidad,trinidad,8,2015,brac,
trinidad,trinidad,8,2015,brpe,
trinidad,trinidad,8,2015,casl,
trinidad,trinidad,8,2015,comu,
trinidad,trinidad,8,2015,dcco,
trinidad,trinidad,8,2015,hase,
trinidad,trinidad,8,2015,mamu,
trinidad,trinidad,8,2015,peco,
trinidad,trinidad,8,2015,pigu,
trinidad,trinidad,8,2015,rhau,
trinidad,trinidad,8,2015,stsl,
trinidad,trinidad,8,2015,unco,
trinidad,trinidad,8,2015,unsl,
trinidad,trinidad,8,2015,wegu,
trinidad,trinidad,8,2016,bloy,1
trinidad,trinidad,8,2016,brac,2
trinidad,trinidad,8,2016,brpe,1
trinidad,trinidad,8,2016,casl,43
trinidad,trinidad,8,2016,comu,
trinidad,trinidad,8,2016,dcco,11
trinidad,trinidad,8,2016,hase,16
trinidad,trinidad,8,2016,mamu,
trinidad,trinidad,8,2016,peco,6
trinidad,trinidad,8,2016,pigu,3
trinidad,trinidad,8,2016,rhau,
trinidad,trinidad,8,2016,stsl,3
trinidad,trinidad,8,2016,unco,0
trinidad,trinidad,8,2016,unsl,0
trinidad,trinidad,8,2016,wegu,38
trinidad,trinidad,8,2017,bloy,1
trinidad,trinidad,8,2017,brac,4
trinidad,trinidad,8,2017,brpe,0
trinidad,trinidad,8,2017,casl,52
trinidad,trinidad,8,2017,comu,
trinidad,trinidad,8,2017,dcco,7
trinidad,trinidad,8,2017,hase,23
trinidad,trinidad,8,2017,mamu,0
trinidad,trinidad,8,2017,peco,17
trinidad,trinidad,8,2017,pigu,2
trinidad,trinidad,8,2017,rhau,0
trinidad,trinidad,8,2017,stsl,1
trinidad,trinidad,8,2017,unco,3
trinidad,trinidad,8,2017,unsl,0
trinidad,trinidad,8,2017,wegu,29
trinidad,trinidad,8,2018,bloy,1
trinidad,trinidad,8,2018,brac,3
trinidad,trinidad,8,2018,brpe,1
trinidad,trinidad,8,2018,casl,69
trinidad,trinidad,8,2018,comu,
trinidad,trinidad,8,2018,dcco,4
trinidad,trinidad,8,2018,hase,13
trinidad,trinidad,8,2018,mamu,1
trinidad,trinidad,8,2018,peco,5
trinidad,trinidad,8,2018,pigu,3
trinidad,trinidad,8,2018,rhau,0
trinidad,trinidad,8,2018,stsl,4
trinidad,trinidad,8,2018,unco,2
trinidad,trinidad,8,2018,unsl,11
trinidad,trinidad,8,2018,wegu,30
trinidad,trinidad,8,2019,bloy,2
trinidad,trinidad,8,2019,brac,6
trinidad,trinidad,8,2019,brpe,1
trinidad,trinidad,8,2019,casl,30
trinidad,trinidad,8,2019,comu,0
trinidad,trinidad,8,2019,dcco,2
trinidad,trinidad,8,2019,hase,4
trinidad,trinidad,8,2019,mamu,0
trinidad,trinidad,8,2019,peco,11
trinidad,trinidad,8,2019,pigu,4
trinidad,trinidad,8,2019,rhau,0
trinidad,trinidad,8,2019,stsl,23
trinidad,trinidad,8,2019,unco,6
trinidad,trinidad,8,2019,unsl,10
trinidad,trinidad,8,2019,wegu,23
trinidad,trinidad,8,2020,bloy,2
trinidad,trinidad,8,2020,brac,2
trinidad,trinidad,8,2020,brpe,3
trinidad,trinidad,8,2020,casl,37
trinidad,trinidad,8,2020,comu,0
trinidad,trinidad,8,2020,dcco,1
trinidad,trinidad,8,2020,hase,1
trinidad,trinidad,8,2020,mamu,0
trinidad,trinidad,8,2020,peco,4
trinidad,trinidad,8,2020,pigu,2
trinidad,trinidad,8,2020,rhau,0
trinidad,trinidad,8,2020,stsl,28
trinidad,trinidad,8,2020,unco,5
trinidad,trinidad,8,2020,unsl,12
trinidad,trinidad,8,2020,wegu,28
trinidad,trinidad,8,2021,bloy,3
trinidad,trinidad,8,2021,brac,4
trinidad,trinidad,8,2021,brpe,1
trinidad,trinidad,8,2021,casl,20
trinidad,trinidad,8,2021,comu,0
trinidad,trinidad,8,2021,dcco,2
trinidad,trinidad,8,2021,hase,1
trinidad,trinidad,8,2021,mamu,1
trinidad,trinidad,8,2021,peco,11
trinidad,trinidad,8,2021,pigu,3
trinidad,trinidad,8,2021,rhau,0
trinidad,trinidad,8,2021,stsl,28
trinidad,trinidad,8,2021,unco,8
trinidad,trinidad,8,2021,unsl,6
trinidad,trinidad,8,2021,wegu,18
trinidad,trinidad,9,2014,bloy,
trinidad,trinidad,9,2014,brac,
trinidad,trinidad,9,2014,brpe,
trinidad,trinidad,9,2014,casl,
trinidad,trinidad,9,2014,comu,
trinidad,trinidad,9,2014,dcco,
trinidad,trinidad,9,2014,hase,
trinidad,trinidad,9,2014,mamu,
trinidad,trinidad,9,2014,peco,
trinidad,trinidad,9,2014,pigu,
trinidad,trinidad,9,2014,rhau,
trinidad,trinidad,9,2014,stsl,
trinidad,trinidad,9,2014,unco,
trinidad,trinidad,9,2014,unsl,
trinidad,trinidad,9,2014,wegu,
trinidad,trinidad,9,2015,bloy,
trinidad,trinidad,9,2015,brac,
trinidad,trinidad,9,2015,brpe,
trinidad,trinidad,9,2015,casl,
trinidad,trinidad,9,2015,comu,
trinidad,trinidad,9,2015,dcco,
trinidad,trinidad,9,2015,hase,
trinidad,trinidad,9,2015,mamu,
trinidad,trinidad,9,2015,peco,
trinidad,trinidad,9,2015,pigu,
trinidad,trinidad,9,2015,rhau,
trinidad,trinidad,9,2015,stsl,
trinidad,trinidad,9,2015,unco,
trinidad,trinidad,9,2015,unsl,
trinidad,trinidad,9,2015,wegu,
trinidad,trinidad,9,2016,bloy,
trinidad,trinidad,9,2016,brac,
trinidad,trinidad,9,2016,brpe,
trinidad,trinidad,9,2016,casl,
trinidad,trinidad,9,2016,comu,
trinidad,trinidad,9,2016,dcco,
trinidad,trinidad,9,2016,hase,
trinidad,trinidad,9,2016,mamu,
trinidad,trinidad,9,2016,peco,
trinidad,trinidad,9,2016,pigu,
trinidad,trinidad,9,2016,rhau,
trinidad,trinidad,9,2016,stsl,
trinidad,trinidad,9,2016,unco,
trinidad,trinidad,9,2016,unsl,
trinidad,trinidad,9,2016,wegu,
trinidad,trinidad,9,2017,bloy,1
trinidad,trinidad,9,2017,brac,3
trinidad,trinidad,9,2017,brpe,2
trinidad,trinidad,9,2017,casl,0
trinidad,trinidad,9,2017,comu,
trinidad,trinidad,9,2017,dcco,1
trinidad,trinidad,9,2017,hase,1
trinidad,trinidad,9,2017,mamu,0
trinidad,trinidad,9,2017,peco,16
trinidad,trinidad,9,2017,pigu,52
trinidad,trinidad,9,2017,rhau,1
trinidad,trinidad,9,2017,stsl,0
trinidad,trinidad,9,2017,unco,0
trinidad,trinidad,9,2017,unsl,0
trinidad,trinidad,9,2017,wegu,1
trinidad,trinidad,9,2018,bloy,1
trinidad,trinidad,9,2018,brac,1
trinidad,trinidad,9,2018,brpe,1
trinidad,trinidad,9,2018,casl,0
trinidad,trinidad,9,2018,comu,
trinidad,trinidad,9,2018,dcco,0
trinidad,trinidad,9,2018,hase,0
trinidad,trinidad,9,2018,mamu,0
trinidad,trinidad,9,2018,peco,27
trinidad,trinidad,9,2018,pigu,44
trinidad,trinidad,9,2018,rhau,0
trinidad,trinidad,9,2018,stsl,0
trinidad,trinidad,9,2018,unco,0
trinidad,trinidad,9,2018,unsl,0
trinidad,trinidad,9,2018,wegu,3
trinidad,trinidad,9,2019,bloy,0
trinidad,trinidad,9,2019,brac,0
trinidad,trinidad,9,2019,brpe,0
trinidad,trinidad,9,2019,casl,0
trinidad,trinidad,9,2019,comu,0
trinidad,trinidad,9,2019,dcco,1
trinidad,trinidad,9,2019,hase,0
trinidad,trinidad,9,2019,mamu,0
trinidad,trinidad,9,2019,peco,1
trinidad,trinidad,9,2019,pigu,0
trinidad,trinidad,9,2019,rhau,0
trinidad,trinidad,9,2019,stsl,0
trinidad,trinidad,9,2019,unco,0
trinidad,trinidad,9,2019,unsl,0
trinidad,trinidad,9,2019,wegu,3
trinidad,trinidad,9,2020,bloy,1
trinidad,trinidad,9,2020,brac,1
trinidad,trinidad,9,2020,brpe,1
trinidad,trinidad,9,2020,casl,0
trinidad,trinidad,9,2020,comu,0
trinidad,trinidad,9,2020,dcco,0
trinidad,trinidad,9,2020,hase,0
trinidad,trinidad,9,2020,mamu,1
trinidad,trinidad,9,2020,peco,1
trinidad,trinidad,9,2020,pigu,2
trinidad,trinidad,9,2020,rhau,0
trinidad,trinidad,9,2020,stsl,0
trinidad,trinidad,9,2020,unco,0
trinidad,trinidad,9,2020,unsl,0
trinidad,trinidad,9,2020,wegu,2
trinidad,trinidad,9,2021,bloy,1
trinidad,trinidad,9,2021,brac,0
trinidad,trinidad,9,2021,brpe,1
trinidad,trinidad,9,2021,casl,0
trinidad,trinidad,9,2021,comu,0
trinidad,trinidad,9,2021,dcco,0
trinidad,trinidad,9,2021,hase,1
trinidad,trinidad,9,2021,mamu,0
trinidad,trinidad,9,2021,peco,1
trinidad,trinidad,9,2021,pigu,2
trinidad,trinidad,9,2021,rhau,0
trinidad,trinidad,9,2021,stsl,0
trinidad,trinidad,9,2021,unco,0
trinidad,trinidad,9,2021,unsl,0
trinidad,trinidad,9,2021,wegu,2
trinidad,trinidad,10,2014,bloy,
trinidad,trinidad,10,2014,brac,
trinidad,trinidad,10,2014,brpe,
trinidad,trinidad,10,2014,casl,
trinidad,trinidad,10,2014,comu,
trinidad,trinidad,10,2014,dcco,
trinidad,trinidad,10,2014,hase,
trinidad,trinidad,10,2014,mamu,
trinidad,trinidad,10,2014,peco,
trinidad,trinidad,10,2014,pigu,
trinidad,trinidad,10,2014,rhau,
trinidad,trinidad,10,2014,stsl,
trinidad,trinidad,10,2014,unco,
trinidad,trinidad,10,2014,unsl,
trinidad,trinidad,10,2014,wegu,
trinidad,trinidad,10,2015,bloy,
trinidad,trinidad,10,2015,brac,
trinidad,trinidad,10,2015,brpe,
trinidad,trinidad,10,2015,casl,
trinidad,trinidad,10,2015,comu,
trinidad,trinidad,10,2015,dcco,
trinidad,trinidad,10,2015,hase,
trinidad,trinidad,10,2015,mamu,
trinidad,trinidad,10,2015,peco,
trinidad,trinidad,10,2015,pigu,
trinidad,trinidad,10,2015,rhau,
trinidad,trinidad,10,2015,stsl,
trinidad,trinidad,10,2015,unco,
trinidad,trinidad,10,2015,unsl,
trinidad,trinidad,10,2015,wegu,
trinidad,trinidad,10,2016,bloy,1
trinidad,trinidad,10,2016,brac,2
trinidad,trinidad,10,2016,brpe,2
trinidad,trinidad,10,2016,casl,0
trinidad,trinidad,10,2016,comu,
trinidad,trinidad,10,2016,dcco,3
trinidad,trinidad,10,2016,hase,1
trinidad,trinidad,10,2016,mamu,
trinidad,trinidad,10,2016,peco,5
trinidad,trinidad,10,2016,pigu,52
trinidad,trinidad,10,2016,rhau,
trinidad,trinidad,10,2016,stsl,0
trinidad,trinidad,10,2016,unco,0
trinidad,trinidad,10,2016,unsl,0
trinidad,trinidad,10,2016,wegu,2
trinidad,trinidad,10,2017,bloy,1
trinidad,trinidad,10,2017,brac,5
trinidad,trinidad,10,2017,brpe,0
trinidad,trinidad,10,2017,casl,0
trinidad,trinidad,10,2017,comu,
trinidad,trinidad,10,2017,dcco,3
trinidad,trinidad,10,2017,hase,0
trinidad,trinidad,10,2017,mamu,0
trinidad,trinidad,10,2017,peco,4
trinidad,trinidad,10,2017,pigu,53
trinidad,trinidad,10,2017,rhau,0
trinidad,trinidad,10,2017,stsl,0
trinidad,trinidad,10,2017,unco,0
trinidad,trinidad,10,2017,unsl,0
trinidad,trinidad,10,2017,wegu,2
trinidad,trinidad,10,2018,bloy,1
trinidad,trinidad,10,2018,brac,3
trinidad,trinidad,10,2018,brpe,1
trinidad,trinidad,10,2018,casl,0
trinidad,trinidad,10,2018,comu,
trinidad,trinidad,10,2018,dcco,2
trinidad,trinidad,10,2018,hase,1
trinidad,trinidad,10,2018,mamu,0
trinidad,trinidad,10,2018,peco,5
trinidad,trinidad,10,2018,pigu,42
trinidad,trinidad,10,2018,rhau,0
trinidad,trinidad,10,2018,stsl,0
trinidad,trinidad,10,2018,unco,0
trinidad,trinidad,10,2018,unsl,0
trinidad,trinidad,10,2018,wegu,4
trinidad,trinidad,10,2019,bloy,0
trinidad,trinidad,10,2019,brac,0
trinidad,trinidad,10,2019,brpe,0
trinidad,trinidad,10,2019,casl,0
trinidad,trinidad,10,2019,comu,0
trinidad,trinidad,10,2019,dcco,0
trinidad,trinidad,10,2019,hase,0
trinidad,trinidad,10,2019,mamu,0
trinidad,trinidad,10,2019,peco,5
trinidad,trinidad,10,2019,pigu,0
trinidad,trinidad,10,2019,rhau,0
trinidad,trinidad,10,2019,stsl,0
trinidad,trinidad,10,2019,unco,0
trinidad,trinidad,10,2019,unsl,0
trinidad,trinidad,10,2019,wegu,1
trinidad,trinidad,10,2020,bloy,1
trinidad,trinidad,10,2020,brac,5
trinidad,trinidad,10,2020,brpe,2
trinidad,trinidad,10,2020,casl,0
trinidad,trinidad,10,2020,comu,1
trinidad,trinidad,10,2020,dcco,6
trinidad,trinidad,10,2020,hase,0
trinidad,trinidad,10,2020,mamu,0
trinidad,trinidad,10,2020,peco,9
trinidad,trinidad,10,2020,pigu,11
trinidad,trinidad,10,2020,rhau,0
trinidad,trinidad,10,2020,stsl,0
trinidad,trinidad,10,2020,unco,0
trinidad,trinidad,10,2020,unsl,0
trinidad,trinidad,10,2020,wegu,2
trinidad,trinidad,10,2021,bloy,1
trinidad,trinidad,10,2021,brac,4
trinidad,trinidad,10,2021,brpe,0
trinidad,trinidad,10,2021,casl,0
trinidad,trinidad,10,2021,comu,0
trinidad,trinidad,10,2021,dcco,6
trinidad,trinidad,10,2021,hase,1
trinidad,trinidad,10,2021,mamu,0
trinidad,trinidad,10,2021,peco,9
trinidad,trinidad,10,2021,pigu,2
trinidad,trinidad,10,2021,rhau,0
trinidad,trinidad,10,2021,stsl,0
trinidad,trinidad,10,2021,unco,1
trinidad,trinidad,10,2021,unsl,0
trinidad,trinidad,10,2021,wegu,2
